d,conductor,root_number,analytic_rank,leading_value,d2_selmer,mw_rank_lower,mw_rank_upper
-1,176,1,0,1.458816617,0,0,0
1,11,1,0,0.2538418609,0,0,0
-2,704,-1,1,1.887913547,1,1,1
2,704,-1,1,2.275988563,1,1,1
-3,99,1,0,1.684496333,0,0,0
3,1584,1,0,1.831945834,0,0,0
-5,4400,1,0,0.6524026244,0,0,0
5,275,1,0,2.838038282,0,0,0
-6,6336,-1,1,4.02744559,1,1,1
6,6336,-1,1,4.466763465,1,1,1
-7,539,-1,1,1.225566874,1,1,1
7,8624,-1,1,2.923283419,1,1,1
-10,17600,-1,1,5.58789209,1,1,1
10,17600,-1,1,4.465713091,1,1,1
-11,121,1,0,1.759399039,0,0,0
11,1936,-1,1,3.378966421,1,1,1
-13,29744,-1,1,5.148537598,1,1,1
13,1859,-1,1,4.522995829,1,1,1
-14,34496,1,0,1.559540563,0,0,0
14,34496,1,0,3.392104549,0,0,0
-15,2475,1,0,0.7533296617,0,0,0
15,39600,1,0,0.8192710831,0,0,0
-17,50864,-1,1,3.803448649,1,1,1
17,3179,-1,1,2.056503838,1,1,1
-19,3971,-1,1,7.513916557,1,1,1
19,63536,-1,1,5.064658277,1,1,1
-21,77616,-1,1,6.537463272,1,1,1
21,4851,-1,1,7.312978622,1,1,1
-22,7744,1,0,2.488165982,0,0,0
22,7744,-1,1,2.896587416,1,1,1
-23,5819,1,0,0.6083685842,0,0,0
23,93104,1,0,0.661621086,0,0,0
-26,118976,1,0,1.144389907,0,0,0
26,118976,1,0,2.489124234,0,0,0
-29,148016,-1,1,7.559150078,1,1,1
29,9251,-1,1,9.727616823,1,1,1
-30,158400,-1,1,9.224927649,1,1,1
30,158400,-1,1,6.39067538,1,1,1
-31,10571,1,0,0.5240223982,0,0,0
31,169136,1,0,0.5698918011,0,0,0
-33,17424,1,0,0.5078947543,0,0,0
33,1089,-1,1,1.353175424,1,1,1
-34,203456,1,0,1.000739943,0,0,0
34,203456,1,0,2.176675999,0,0,0
-35,13475,-1,1,7.647863346,1,1,1
35,215600,-1,1,8.705170188,1,1,1
-37,240944,1,0,0.2398279745,0,0,0
37,15059,1,0,1.043283622,0,0,0
-38,254144,1,0,0.9466052191,0,0,0
38,254144,1,0,2.058929371,0,0,0
-39,16731,-1,1,2.977215672,1,1,1
39,267696,-1,1,7.225242262,1,1,1
-41,295856,-1,1,4.773403408,1,1,1
41,18491,-1,1,3.141668665,1,1,1
-42,310464,1,0,0.9004011639,0,0,0
42,310464,1,0,1.958432475,0,0,0
-43,20339,-1,1,11.88144654,1,1,1
43,325424,-1,1,2.828646681,1,1,1
-46,372416,-1,1,10.82317915,1,1,1
46,372416,-1,1,3.698123849,1,1,1
-47,24299,1,2,5.797629005,2,2,2
47,388784,1,0,1.851332044,0,0,0
-51,28611,-1,1,13.04163633,1,1,1
51,457776,-1,1,8.598302549,1,1,1
-53,494384,1,0,0.8015354928,0,0,0
53,30899,1,0,3.486786116,0,0,0
-55,3025,1,0,0.78682717,0,0,0
55,48400,-1,1,5.200220614,1,1,1
-57,571824,-1,1,7.920483427,1,1,1
57,35739,-1,1,1.6218875,1,1,1
-58,592064,1,0,3.064832099,2,0,0
58,592064,1,2,21.57522482,2,2,2
-59,38291,1,0,0.3798434934,0,0,0
59,612656,1,0,0.4130924428,0,0,0
-61,654896,-1,1,9.925787194,1,1,1
61,40931,-1,1,10.95121481,1,1,1
-62,676544,-1,1,4.876096357,1,1,1
62,676544,-1,1,10.01589572,1,1,1
-65,743600,-1,1,8.548711651,1,1,1
65,46475,-1,1,2.769399728,1,1,1
-66,69696,1,0,1.4365433,0,0,0
66,69696,-1,1,8.065599334,1,1,1
-67,49379,1,0,3.208010679,0,0,0
67,790064,1,0,0.3876464887,0,0,0
-69,837936,1,0,0.1756208829,0,0,0
69,52371,1,0,6.875768018,0,0,0
-70,862400,1,0,0.6974477425,0,0,0
70,862400,1,0,1.516995272,0,0,0
-71,55451,1,0,0.3462593607,0,0,0
71,887216,1,0,3.389117226,0,0,0
-73,937904,-1,1,7.191578766,1,1,1
73,58619,-1,1,1.605644514,1,1,1
-74,963776,-1,1,9.648767597,1,1,1
74,963776,-1,1,9.963749898,1,1,1
-77,94864,1,0,1.329980661,0,0,0
77,5929,-1,1,8.159524033,1,1,1
-78,1070784,1,0,0.660713821,0,0,0
78,1070784,1,0,1.437096547,0,0,0
-79,68651,-1,1,4.756206537,1,1,1
79,1098416,-1,1,6.721439326,1,1,1
-82,1183424,1,0,0.6443973811,0,0,0
82,1183424,1,0,1.401607204,0,0,0
-83,75779,-1,1,6.438438466,1,1,1
83,1212464,-1,1,6.508487887,1,1,1
-85,1271600,-1,1,11.39021265,1,1,1
85,79475,-1,1,7.106458282,1,1,1
-86,1301696,1,2,36.2909826,2,2,2
86,1301696,1,2,43.27572406,2,2,2
-87,83259,-1,1,2.355847855,1,1,1
87,1332144,-1,1,9.084704699,1,1,1
-89,1394096,1,0,0.1546342521,0,0,0
89,87131,1,0,0.6726795859,0,0,0
-91,91091,1,0,4.893617085,2,0,0
91,1457456,1,2,36.48760008,2,2,2
-93,1522224,1,0,1.361450127,0,0,0
93,95139,1,0,0.6580543695,0,0,0
-94,1555136,-1,1,9.413233945,1,1,1
94,1555136,-1,1,9.781544599,1,1,1
-95,99275,-1,1,3.03660486,1,1,1
95,1588400,-1,1,10.85256004,1,1,1
-97,1655984,1,0,1.333083472,0,0,0
97,103499,1,0,0.6443433999,0,0,0
-101,1795376,-1,1,6.098698636,1,1,1
101,112211,-1,1,19.2999244,1,1,1
-102,1831104,1,0,0.5777774756,0,0,0
102,1831104,1,0,1.256704474,0,0,0
-103,116699,1,2,12.4797845,2,2,2
103,1867184,1,0,1.250589088,0,0,0
-105,1940400,-1,1,11.82234832,1,1,1
105,121275,-1,1,3.229183389,1,1,1
-106,1977536,-1,1,12.10724366,1,1,1
106,1977536,-1,1,4.639353286,1,1,1
-107,125939,-1,1,11.3272456,1,1,1
107,2015024,-1,1,8.000221884,1,1,1
-109,2091056,-1,1,13.54992153,1,1,1
109,130691,-1,1,8.778062867,1,1,1
-110,193600,1,0,1.112741655,0,0,0
110,193600,-1,1,8.163398382,1,1,1
-111,135531,1,0,0.2769294913,0,0,0
111,2168496,1,0,2.710530359,0,0,0
-113,2247344,1,0,0.1372339235,0,0,0
113,140459,1,0,0.5969858394,0,0,0
-114,2287296,1,0,4.918705002,0,0,0
114,2287296,1,0,1.188723426,0,0,0
-115,145475,1,0,0.2720707019,0,0,0
115,2327600,1,0,0.2958859447,0,0,0
-118,2450624,-1,1,5.705089537,1,1,1
118,2450624,-1,1,8.580114704,1,1,1
-119,155771,1,2,10.81524445,2,2,2
119,2492336,1,2,55.2753962,2,2,2
-122,2619584,1,2,24.97206357,2,2,2
122,2619584,1,2,52.41893309,2,2,2
-123,166419,-1,1,13.77266215,1,1,1
123,2662704,-1,1,3.970300659,1,1,1
-127,177419,-1,1,4.444941581,1,1,1
127,2838704,-1,1,3.558433551,1,1,1
-129,2928816,-1,1,12.19966081,1,1,1
129,183051,-1,1,4.675054501,1,1,1
-130,2974400,1,0,0.511786725,0,0,0
130,2974400,1,0,1.113170198,0,0,0
-131,188771,-1,1,11.08793681,1,1,1
131,3020336,-1,1,16.20301381,1,1,1
-133,3113264,1,0,0.5059817729,0,0,0
133,194579,1,0,2.201088082,0,0,0
-134,3160256,-1,1,9.954954055,1,1,1
134,3160256,-1,1,12.35633554,1,1,1
-137,3303344,1,0,0.1246351148,0,0,0
137,206459,1,0,0.5421793442,0,0,0
-138,3351744,-1,1,7.174630129,1,1,1
138,3351744,-1,1,9.694972671,1,1,1
-139,212531,-1,1,18.99981759,1,1,1
139,3400496,-1,1,8.714241421,1,1,1
-141,3499056,1,0,1.965672346,2,0,0
141,218691,1,0,2.137734108,0,0,0
-142,3548864,-1,1,13.45867563,1,1,1
142,3548864,-1,1,6.635561928,1,1,1
-143,20449,1,2,6.026430173,2,2,2
143,327184,-1,1,8.725456118,1,1,1
-145,3700400,-1,1,7.150803791,1,1,1
145,231275,-1,1,2.287709762,1,1,1
-146,3751616,1,0,0.482930089,0,0,0
146,3751616,1,0,1.050405094,0,0,0
-149,3907376,-1,1,6.172541328,1,1,1
149,244211,-1,1,14.8617452,1,1,1
-151,250811,-1,1,4.671322257,1,1,1
151,4012976,-1,1,2.09865576,1,1,1
-154,379456,1,0,0.9404383442,0,0,0
154,379456,-1,1,4.045993999,1,1,1
-155,264275,1,0,2.109149467,0,0,0
155,4228400,1,0,0.2548633614,0,0,0
-157,4338224,1,0,1.047836168,0,0,0
157,271139,1,0,4.558226847,0,0,0
-158,4393664,1,0,1.856915497,2,0,0
158,4393664,1,2,46.52020973,2,2,2
-159,278091,1,2,15.95625094,2,2,2
159,4449456,1,0,4.026193805,2,0,0
-161,4562096,-1,1,8.466346173,1,1,1
161,285131,-1,1,3.170731844,1,1,1
-163,292259,1,0,0.9141066879,0,0,0
163,4676144,1,2,29.19797055,2,2,2
-165,435600,1,0,2.044236953,0,0,0
165,27225,-1,1,10.42415813,1,1,1
-166,4849856,1,2,58.06989209,2,2,2
166,4849856,1,2,52.15831779,2,2,2
-167,306779,-1,1,2.270137611,1,1,1
167,4908464,-1,1,6.387479415,1,1,1
-170,5086400,1,0,4.027900573,0,0,0
170,5086400,1,0,0.9734390999,0,0,0
-173,5267504,-1,1,5.828727398,1,1,1
173,329219,-1,1,19.38160785,1,1,1
-174,5328576,1,0,1.769481637,2,0,0
174,5328576,1,2,64.13446057,2,2,2
-177,5513904,1,0,0.9868623441,0,0,0
177,344619,1,0,0.4769980661,0,0,0
-178,5576384,-1,1,11.14376022,1,1,1
178,5576384,-1,1,8.278132562,1,1,1
-179,352451,1,0,5.451853667,0,0,0
179,5639216,1,0,0.2371628935,0,0,0
-181,5765936,1,0,2.71082463,0,0,0
181,360371,1,0,4.245281308,0,0,0
-182,5829824,-1,1,8.33383372,1,1,1
182,5829824,-1,1,9.016306336,1,1,1
-183,368379,-1,1,3.938271274,1,1,1
183,5894064,-1,1,8.249276453,1,1,1
-185,6023600,1,0,0.965288977,0,0,0
185,376475,1,0,0.4665706195,0,0,0
-186,6088896,-1,1,17.92201785,1,1,1
186,6088896,-1,1,10.92670953,1,1,1
-187,34969,1,0,1.706867782,0,0,0
187,559504,-1,1,4.494565142,1,1,1
-190,6353600,1,0,0.4233347235,0,0,0
190,6353600,1,0,0.9207812067,0,0,0
-191,401291,1,0,0.2111125316,0,0,0
191,6420656,1,0,2.066327148,0,0,0
-193,6555824,-1,1,9.430278591,1,1,1
193,409739,-1,1,1.254300596,1,1,1
-194,6623936,-1,1,7.913571801,1,1,1
194,6623936,-1,1,20.28967863,1,1,1
-195,418275,-1,1,13.16297328,1,1,1
195,6692400,-1,1,11.99647474,1,1,1
-197,6830384,-1,1,4.818194451,1,1,1
197,426899,-1,1,10.21485767,1,1,1
-199,435611,1,0,0.827302145,0,0,0
199,6969776,1,0,3.598874484,2,0,0
-201,7110576,1,0,0.1028969905,0,0,0
201,444411,1,0,0.4476156092,0,0,0
-202,7181504,1,0,0.410567916,0,0,0
202,7181504,1,0,0.8930125502,0,0,0
-203,453299,1,0,0.8191108329,0,0,0
203,7252784,1,0,0.8908102965,0,0,0
-205,7396400,-1,1,11.91194375,1,1,1
205,462275,-1,1,11.02174678,1,1,1
-206,7468736,-1,3,235.114911,3,3,3
206,7468736,-1,1,12.12645535,1,1,1
-209,698896,1,2,31.30937104,2,2,2
209,43681,-1,1,4.086419221,1,1,1
-210,7761600,1,0,3.624044777,0,0,0
210,7761600,1,0,0.8758376285,0,0,0
-211,489731,-1,1,26.38231636,1,1,1
211,7835696,-1,1,7.574501651,1,1,1
-213,7984944,1,0,0.09995646756,0,0,0
213,499059,1,0,0.4348239429,0,0,0
-214,8060096,1,0,0.3988906038,0,0,0
214,8060096,1,0,0.8676136189,0,0,0
-215,508475,-1,1,2.138983414,1,1,1
215,8135600,-1,1,9.709015835,1,1,1
-217,8287664,-1,1,13.49445604,1,1,1
217,517979,-1,1,2.788436545,1,1,1
-218,8364224,1,2,47.41568609,2,2,2
218,8364224,1,0,3.438468037,2,0,0
-219,527571,-1,1,19.56202579,1,1,1
219,8441136,-1,1,7.652006227,1,1,1
-221,8596016,1,0,0.3925224999,0,0,0
221,537251,1,0,1.707525138,0,0,0
-222,8673984,-1,1,9.18477436,1,1,1
222,8673984,-1,1,14.12388785,1,1,1
-223,547019,1,0,0.1953791724,0,0,0
223,8752304,1,0,0.2124813536,0,0,0
-226,8989376,-1,1,11.15555612,1,1,1
226,8989376,-1,1,5.031251457,1,1,1
-227,566819,-1,1,6.192806671,1,1,1
227,9069104,-1,1,11.76175669,1,1,1
-229,9229616,1,0,2.410032888,0,0,0
229,576851,1,0,0.4193585581,0,0,0
-230,9310400,-1,1,6.562528534,1,1,1
230,9310400,-1,1,13.13427077,1,1,1
-231,53361,1,0,1.535729385,0,0,0
231,853776,-1,1,11.68943291,1,1,1
-233,9554864,-1,1,10.36274736,1,1,1
233,597179,-1,1,3.927298925,1,1,1
-235,607475,1,0,6.851714635,0,0,0
235,9719600,1,0,3.311763439,2,0,0
-237,9885744,-1,1,2.255250734,1,1,1
237,617859,-1,1,17.91401181,1,1,1
-238,9969344,-1,1,14.20774087,1,1,1
238,9969344,-1,1,3.502327753,1,1,1
-239,628331,-1,1,3.273702857,1,1,1
239,10053296,-1,1,7.413294703,1,1,1
-241,10222256,-1,1,6.904053784,1,1,1
241,638891,-1,1,2.616069237,1,1,1
-246,10650816,1,0,3.348387013,0,0,0
246,10650816,1,0,0.8092182964,0,0,0
-247,671099,1,0,0.7425782283,0,0,0
247,10737584,1,0,0.8075785413,0,0,0
-249,10912176,-1,1,11.58281521,1,1,1
249,682011,-1,1,4.11723476,1,1,1
-251,693011,1,0,0.1841593768,0,0,0
251,11088176,1,0,5.006986308,0,0,0
-253,1024144,1,0,0.1834300298,0,0,0
253,64009,-1,1,6.266512206,1,1,1
-254,11354816,1,0,0.366137182,0,0,0
254,11354816,1,0,0.7963727459,0,0,0
-255,715275,-1,1,2.316533261,1,1,1
255,11444400,-1,1,8.309452972,1,1,1
-257,11624624,1,0,0.3639939215,0,0,0
257,726539,1,0,1.583422023,0,0,0
-258,11715264,1,0,1.453151288,2,0,0
258,11715264,1,0,3.160700794,2,0,0
-259,737891,-1,1,25.1605987,1,1,1
259,11806256,-1,1,7.488635588,1,1,1
-262,12081344,1,0,0.3605039663,0,0,0
262,12081344,1,0,0.7841201268,0,0,0
-263,760859,-1,1,3.318962513,1,1,1
263,12173744,-1,1,11.53490257,1,1,1
-265,12359600,1,0,1.433830279,2,0,0
265,772475,1,2,15.61199661,2,2,2
-266,12453056,-1,1,7.781033584,1,1,1
266,12453056,-1,1,10.62227551,1,1,1
-267,784179,1,0,0.1785562542,0,0,0
267,12546864,1,0,0.19418587,0,0,0
-269,12735536,1,0,1.423129903,2,0,0
269,795971,1,0,6.190804565,2,0,0
-271,807851,-1,1,2.936265497,1,1,1
271,12925616,-1,1,7.63715821,1,1,1
-273,13117104,1,0,1.412665571,2,0,0
273,819819,1,2,18.08141464,2,2,2
-274,13213376,-1,1,21.14304921,1,1,1
274,13213376,-1,1,2.078485672,1,1,1
-277,13504304,-1,1,15.12183021,1,1,1
277,844019,-1,1,8.135613508,1,1,1
-278,13601984,1,0,0.3499760256,0,0,0
278,13601984,1,0,0.761221155,0,0,0
-281,13897136,-1,1,5.162998741,1,1,1
281,868571,-1,1,2.484476223,1,1,1
-282,13996224,-1,1,15.29943948,1,1,1
282,13996224,-1,1,2.806723583,1,1,1
-283,880979,-1,1,15.86168951,1,1,1
283,14095664,-1,1,9.904941818,1,1,1
-285,14295600,-1,1,11.80174123,1,1,1
285,893475,-1,1,21.18320195,1,1,1
-286,1308736,1,0,0.6900930793,0,0,0
286,1308736,-1,1,9.674158242,1,1,1
-287,906059,1,0,0.6888897774,0,0,0
287,14496944,1,0,0.7491905639,0,0,0
-290,14801600,1,2,44.96821597,2,2,2
290,14801600,1,0,2.981221465,2,0,0
-291,931491,1,0,1.539312203,0,0,0
291,14903856,1,0,1.674053259,0,0,0
-293,15109424,-1,1,4.02536516,1,1,1
293,944339,-1,1,16.43127685,1,1,1
-295,957275,1,0,0.1698711744,0,0,0
295,15316400,1,0,1.66266501,0,0,0
-298,15629504,1,0,0.3380279105,0,0,0
298,15629504,1,0,0.7352332091,0,0,0
-299,983411,-1,1,11.67159696,1,1,1
299,15734576,-1,1,18.81170235,1,1,1
-301,15945776,1,0,3.027052509,0,0,0
301,996611,1,0,1.463120162,0,0,0
-302,16051904,1,0,1.343127412,2,0,0
302,16051904,1,2,57.38089101,2,2,2
-303,1009899,-1,1,4.655097021,1,1,1
303,16158384,-1,1,6.182462457,1,1,1
-305,16372400,-1,1,9.141788114,1,1,1
305,1023275,-1,1,1.065889254,1,1,1
-307,1036739,-1,1,8.831407346,1,1,1
307,16587824,-1,1,5.729811016,1,1,1
-309,16804656,1,0,2.987610401,0,0,0
309,1050291,1,0,5.776223571,2,0,0
-310,16913600,-1,1,12.09459592,1,1,1
310,16913600,-1,1,2.067174501,1,1,1
-311,1063931,1,0,0.6617752093,0,0,0
311,17022896,1,0,2.878810274,2,0,0
-313,17242544,1,0,0.0824571904,0,0,0
313,1077659,1,0,0.3586997572,0,0,0
-314,17352896,-1,1,4.322723711,1,1,1
314,17352896,-1,1,16.32477862,1,1,1
-317,17686064,1,0,2.048382605,0,0,0
317,1105379,1,0,0.3564294828,0,0,0
-318,17797824,-1,1,5.24732911,1,1,1
318,17797824,-1,1,7.81671738,1,1,1
-319,101761,1,2,15.52390034,2,2,2
319,1628176,-1,1,5.398855598,1,1,1
-321,18135216,-1,1,14.09197539,1,1,1
321,1133451,-1,1,5.628171654,1,1,1
-322,18248384,1,0,2.92668018,0,0,0
322,18248384,1,0,0.7073026925,0,0,0
-323,1147619,1,0,0.649365823,0,0,0
323,18361904,1,0,0.7062069479,0,0,0
-326,18704576,-1,1,14.19338595,1,1,1
326,18704576,-1,1,8.679364458,1,1,1
-327,1176219,-1,1,2.383803546,1,1,1
327,18819504,-1,1,2.89070207,1,1,1
-329,19050416,-1,1,6.995426147,1,1,1
329,1190651,-1,1,5.602986174,1,1,1
-330,1742400,1,0,0.6424416941,0,0,0
330,1742400,-1,1,9.084350737,1,1,1
-331,1205171,1,0,0.1603676261,0,0,0
331,19282736,1,0,1.569646183,0,0,0
-334,19633856,1,0,2.873624177,0,0,0
334,19633856,1,0,0.6944804326,0,0,0
-335,1234475,1,0,0.1594073322,0,0,0
335,19751600,1,0,4.3340195,0,0,0
-337,19988144,-1,1,16.21738336,1,1,1
337,1249259,-1,1,1.412245278,1,1,1
-339,1264131,1,0,7.76474018,0,0,0
339,20226096,1,0,0.1723349676,0,0,0
-341,1860496,1,0,1.421988281,0,0,0
341,116281,-1,1,19.69180498,1,1,1
-345,20948400,1,0,0.0785400465,0,0,0
345,1309275,1,0,0.3416596597,0,0,0
-346,21070016,1,2,53.8130762,2,2,2
346,21070016,1,0,2.729324597,2,0,0
-347,1324499,-1,1,16.85656204,1,1,1
347,21191984,-1,1,11.77081195,1,1,1
-349,21436976,-1,1,5.627845532,1,1,1
349,1339811,-1,1,12.47110309,1,1,1
-353,21931184,1,0,0.698804766,0,0,0
353,1370699,1,0,0.3377659752,0,0,0
-354,22055616,-1,1,23.67853084,1,1,1
354,22055616,-1,1,15.21245194,1,1,1
-355,1386275,1,0,1.393667043,0,0,0
355,22180400,1,0,1.5156593,0,0,0
-357,22431024,1,0,1.235340205,2,0,0
357,1401939,1,0,5.373894376,2,0,0
-358,22556864,-1,1,13.93584067,1,1,1
358,22556864,-1,1,2.905882583,1,1,1
-359,1417691,-1,1,2.779501121,1,1,1
359,22683056,-1,1,4.079607812,1,1,1
-362,23063744,-1,1,5.312772642,1,1,1
362,23063744,-1,1,8.297819766,1,1,1
-365,23447600,-1,1,12.71243684,1,1,1
365,1465475,-1,1,15.97888492,1,1,1
-366,23576256,1,0,1.220057058,2,0,0
366,23576256,1,0,2.653705324,2,0,0
-367,1481579,1,0,1.370692936,0,0,0
367,23705264,1,0,0.165630466,0,0,0
-370,24094400,-1,1,10.0579073,1,1,1
370,24094400,-1,1,2.275532289,1,1,1
-371,1514051,-1,1,13.51685496,1,1,1
371,24224816,-1,1,9.703484809,1,1,1
-373,24486704,-1,1,12.50642897,1,1,1
373,1530419,-1,1,10.00840911,1,1,1
-374,2238016,1,0,0.6034688917,0,0,0
374,2238016,-1,1,16.09200154,1,1,1
-377,25014704,1,0,0.300531513,0,0,0
377,1563419,1,0,1.307352097,0,0,0
-379,1580051,1,0,0.1498687525,0,0,0
379,25280816,1,0,0.162987257,0,0,0
-381,25548336,-1,1,16.5801297,1,1,1
381,1596771,-1,1,28.79550859,1,1,1
-382,25682624,-1,1,5.122413146,1,1,1
382,25682624,-1,1,5.39477477,1,1,1
-383,1613579,1,0,0.149084094,0,0,0
383,25817264,1,0,0.1621339147,0,0,0
-385,2371600,1,0,0.5947854333,0,0,0
385,148225,-1,1,1.878236692,1,1,1
-386,26223296,1,2,70.37354767,2,2,2
386,26223296,1,0,2.584042107,2,0,0
-389,26632496,1,0,0.07396493858,0,0,0
389,1664531,1,0,0.321757331,0,0,0
-390,26769600,1,0,0.2954802035,0,0,0
390,26769600,1,0,5.784202024,0,0,0
-391,1681691,-1,1,6.090844326,1,1,1
391,26907056,-1,1,11.79961849,1,1,1
-393,27183024,-1,1,15.67109337,1,1,1
393,1698939,-1,1,2.675330659,1,1,1
-394,27321536,1,2,104.8112612,2,2,2
394,27321536,1,2,54.73655252,2,2,2
-395,1716275,-1,1,10.04641306,1,1,1
395,27460400,-1,1,9.779192078,1,1,1
-397,27739184,1,0,0.292863629,0,0,0
397,1733699,1,0,1.27399578,0,0,0
-398,27879104,-1,1,6.39971348,1,1,1
398,27879104,-1,1,10.03330587,1,1,1
-399,1751211,1,0,0.5842574256,0,0,0
399,28019376,1,0,0.6353993984,0,0,0
-401,28300976,1,2,61.75655033,2,2,2
401,1768811,1,2,22.12921418,2,2,2
-402,28442304,-1,1,11.18644585,1,1,1
402,28442304,-1,1,12.80084143,1,1,1
-403,1786499,-1,1,23.92445572,1,1,1
403,28583984,-1,1,5.717577206,1,1,1
-406,29011136,-1,1,18.53289773,1,1,1
406,29011136,-1,1,6.7664248,1,1,1
-407,165649,1,0,0.2892434202,0,0,0
407,2650384,-1,1,9.55222789,1,1,1
-409,29441456,-1,1,9.670920854,1,1,1
409,1840091,-1,1,1.271253203,1,1,1
-410,29585600,1,0,0.2881832697,0,0,0
410,29585600,1,0,0.6268177971,0,0,0
-411,1858131,1,0,1.295246107,0,0,0
411,29730096,1,0,3.912842379,0,0,0
-413,30020144,-1,1,7.360885486,1,1,1
413,1876259,-1,1,23.21684668,1,1,1
-415,1894475,-1,1,7.078600957,1,1,1
415,30311600,-1,1,4.219601388,1,1,1
-417,30604464,-1,1,11.88647018,1,1,1
417,1912779,-1,1,3.07952569,1,1,1
-418,2795584,1,0,0.5708244248,0,0,0
418,2795584,-1,1,3.925056298,1,1,1
-419,1931171,1,0,0.5701428431,0,0,0
419,30898736,1,2,117.606259,2,2,2
-421,31194416,1,2,83.33372267,2,2,2
421,1949651,1,2,63.62034204,2,2,2
-422,31342784,1,2,46.37383781,2,2,2
422,31342784,1,0,2.47136569,2,0,0
-426,31939776,-1,1,14.82431419,1,1,1
426,31939776,-1,1,13.39098877,1,1,1
-427,2005619,1,0,5.082990061,0,0,0
427,32089904,1,0,0.614213432,0,0,0
-429,2944656,1,0,2.253834559,2,0,0
429,184041,-1,1,13.84334163,1,1,1
-430,32542400,1,0,1.125606148,2,0,0
430,32542400,1,0,2.448268307,2,0,0
-431,2043371,-1,1,2.889454415,1,1,1
431,32693936,-1,1,3.580560716,1,1,1
-433,32998064,1,0,0.07010625261,0,0,0
433,2062379,1,0,0.3049715333,0,0,0
-434,33150656,1,0,0.2801017539,0,0,0
434,33150656,1,0,0.609239962,0,0,0
-435,2081475,-1,1,18.59602203,1,1,1
435,33303600,-1,1,7.620053975,1,1,1
-437,33610544,-1,1,6.650936123,1,1,1
437,2100659,-1,1,17.60184898,1,1,1
-438,33764544,1,0,2.509378352,0,0,0
438,33764544,1,0,0.6064516638,0,0,0
-439,2119931,-1,1,5.148478762,1,1,1
439,33918896,-1,1,14.34115159,1,1,1
-442,34384064,-1,1,9.355293729,1,1,1
442,34384064,-1,1,6.4435203,1,1,1
-443,2158739,1,0,3.465523457,0,0,0
443,34539824,1,0,1.356793962,0,0,0
-445,34852400,1,0,8.367699326,0,0,0
445,2178275,1,0,0.3008314562,0,0,0
-446,35009216,-1,1,11.77279665,1,1,1
446,35009216,-1,1,10.23030493,1,1,1
-447,2197899,-1,1,2.682902078,1,1,1
447,35166384,-1,1,12.32341387,1,1,1
-449,35481776,1,0,1.721145318,0,0,0
449,2217611,1,0,0.299488452,0,0,0
-451,203401,1,0,4.396351464,2,0,0
451,3254416,-1,1,9.124418202,1,1,1
-453,36116784,-1,1,6.020391426,1,1,1
453,2257299,-1,1,14.52447441,1,1,1
-454,36276416,1,0,0.2738626249,0,0,0
454,36276416,1,0,5.361024972,0,0,0
-455,2277275,1,2,17.01067909,2,2,2
455,36436400,1,0,2.380057998,2,0,0
-457,36757424,-1,1,8.70782967,1,1,1
457,2297339,-1,1,1.529652504,1,1,1
-458,36918464,-1,1,7.172205167,1,1,1
458,36918464,-1,1,10.38615503,1,1,1
-461,37403696,-1,1,4.877752354,1,1,1
461,2337731,-1,1,18.15605946,1,1,1
-462,3415104,1,0,0.5429623312,0,0,0
462,3415104,-1,1,8.319733793,1,1,1
-463,2358059,1,0,0.1355939155,0,0,0
463,37728944,1,0,1.327166069,0,0,0
-465,38055600,1,0,3.314899035,0,0,0
465,2378475,1,0,2.648617746,0,0,0
-466,38219456,1,0,1.081253997,2,0,0
466,38219456,1,2,51.45240978,2,2,2
-467,2398979,1,0,0.1350119646,0,0,0
467,38383664,1,0,0.1468300057,0,0,0
-469,38713136,-1,1,14.68996785,1,1,1
469,2419571,-1,1,18.39400525,1,1,1
-470,38878400,-1,1,9.952438378,1,1,1
470,38878400,-1,1,11.83675442,1,1,1
-471,2440251,1,0,1.209936987,0,0,0
471,39044016,1,0,0.1462051943,0,0,0
-473,3579664,1,0,0.5366116761,0,0,0
473,223729,-1,1,2.464912896,1,1,1
-474,39542976,1,2,56.86410605,2,2,2
474,39542976,1,0,2.331868564,2,0,0
-478,40213184,1,0,1.067595503,2,0,0
478,40213184,1,2,40.90678,2,2,2
-479,2523851,-1,1,2.520956917,1,1,1
479,40381616,-1,1,19.76092212,1,1,1
-481,40719536,-1,1,5.561257945,1,1,1
481,2544971,-1,1,4.902357656,1,1,1
-482,40889024,1,2,46.43020702,2,2,2
482,40889024,1,2,95.65496179,2,2,2
-483,2566179,-1,1,14.56917035,1,1,1
483,41058864,-1,1,3.050608555,1,1,1
-485,41399600,1,0,1.656036257,0,0,0
485,2587475,1,0,7.203978215,0,0,0
-487,2608859,1,0,0.1322105819,0,0,0
487,41741744,1,0,0.1437834087,0,0,0
-489,42085296,1,2,66.4659855,2,2,2
489,2630331,1,0,1.147912574,0,0,0
-491,2651891,-1,1,19.91536799,1,1,1
491,42430256,-1,1,11.65218232,1,1,1
-493,42776624,1,0,2.365264659,0,0,0
493,2673539,1,0,1.143246244,0,0,0
-494,42950336,-1,1,10.00745998,1,1,1
494,42950336,-1,1,2.204964181,1,1,1
-497,43473584,-1,1,4.413128025,1,1,1
497,2717099,-1,1,5.238565959,1,1,1
-498,43648704,1,0,1.045938172,2,0,0
498,43648704,1,0,2.274985155,2,0,0
-499,2739011,1,0,4.702003253,0,0,0
499,43824176,1,2,47.24403749,2,2,2
-501,44176176,-1,1,7.211299693,1,1,1
501,2761011,-1,1,12.42838759,1,1,1
-502,44352704,-1,1,9.772283216,1,1,1
502,44352704,-1,1,7.268447873,1,1,1
-503,2783099,-1,1,2.26068173,1,1,1
503,44529584,-1,1,20.72523384,1,1,1
-505,44884400,-1,1,17.08365948,1,1,1
505,2805275,-1,1,0.9528178795,1,1,1
-506,4096576,1,0,0.5188184718,0,0,0
506,4096576,-1,1,11.33209887,1,1,1
-509,45598256,1,0,1.616522743,0,0,0
509,2849891,1,0,0.2812835667,0,0,0
-510,45777600,1,0,0.2583899422,0,0,0
510,45777600,1,0,0.5620153264,0,0,0
-511,2872331,1,0,0.5162739814,0,0,0
511,45957296,1,0,0.5614651399,0,0,0
-514,46498496,-1,1,12.19343999,1,1,1
514,46498496,-1,1,7.147420607,1,1,1
-515,2917475,1,0,0.5142651256,0,0,0
515,46679600,1,0,2.237121769,2,0,0
-517,4276624,1,0,0.5132694516,0,0,0
517,267289,-1,1,11.77557351,1,1,1
-518,47225024,1,0,0.2563868892,0,0,0
518,47225024,1,0,0.5576585527,0,0,0
-519,2962971,-1,1,6.937244547,1,1,1
519,47407536,-1,1,9.681013331,1,1,1
-521,47773616,1,0,0.06391191638,0,0,0
521,2985851,1,0,2.502228114,0,0,0
-523,3008819,-1,1,14.6601999,1,1,1
523,48141104,-1,1,4.915772197,1,1,1
-526,48694976,1,0,2.289867379,0,0,0
526,48694976,1,0,0.5534015549,0,0,0
-527,3055019,-1,1,3.013448926,1,1,1
527,48880304,-1,1,7.177384013,1,1,1
-530,49438400,-1,1,13.18399409,1,1,1
530,49438400,-1,1,21.71736942,1,1,1
-533,49999664,1,0,2.27478103,0,0,0
533,3124979,1,0,1.099511151,0,0,0
-534,50187456,-1,1,16.79087979,1,1,1
534,50187456,-1,1,16.54750726,1,1,1
-535,3148475,-1,1,1.507806372,1,1,1
535,50375600,-1,1,11.12698958,1,1,1
-537,50752944,1,0,0.06295258364,0,0,0
537,3172059,1,0,0.2738521208,0,0,0
-538,50942144,-1,1,5.739147232,1,1,1
538,50942144,-1,1,7.169551999,1,1,1
-541,51511856,-1,1,9.876023433,1,1,1
541,3219491,-1,1,6.993712538,1,1,1
-542,51702464,1,0,0.2506461567,0,0,0
542,51702464,1,0,0.5451720772,0,0,0
-543,3243339,1,0,0.1252076264,0,0,0
543,51893424,1,0,1.225507153,0,0,0
-545,52276400,-1,1,7.91018023,1,1,1
545,3267275,-1,1,7.477566367,1,1,1
-546,52468416,-1,1,11.73795821,1,1,1
546,52468416,-1,1,14.72809953,1,1,1
-547,3291299,-1,1,25.95961219,1,1,1
547,52660784,-1,1,5.259306767,1,1,1
-551,3339611,1,0,0.4971814186,0,0,0
551,53433776,1,0,0.5407013423,0,0,0
-553,53822384,1,0,0.9925630839,2,0,0
553,3363899,1,2,13.38970893,2,2,2
-554,54017216,1,0,0.9916668643,2,0,0
554,54017216,1,0,2.156941449,2,0,0
-555,3388275,1,0,6.068485041,0,0,0
555,54212400,1,0,3.36718341,0,0,0
-557,54603824,-1,1,8.789066014,1,1,1
557,3412739,-1,1,4.874615225,1,1,1
-559,3437291,1,0,0.4936109493,0,0,0
559,54996656,1,0,0.5368183381,0,0,0
-561,5035536,1,0,4.434572581,0,0,0
561,314721,-1,1,2.45116885,1,1,1
-562,55588544,1,0,0.9845834388,2,0,0
562,55588544,1,2,53.62824031,2,2,2
-563,3486659,-1,1,11.82627976,1,1,1
563,55786544,-1,1,13.2284496,1,1,1
-565,56183600,1,0,0.06137287634,0,0,0
565,3511475,1,0,2.402821653,0,0,0
-566,56382656,1,2,34.2308899,2,2,2
566,56382656,1,0,2.13395385,2,0,0
-569,56981936,-1,1,14.67699294,1,1,1
569,3561371,-1,1,2.946070768,1,1,1
-570,57182400,1,0,0.2444124166,0,0,0
570,57182400,1,0,0.5316132775,0,0,0
-571,3586451,-1,1,37.80530463,1,1,1
571,57383216,-1,1,8.317377511,1,1,1
-573,57785904,1,0,2.986203985,0,0,0
573,3611619,1,0,0.2651098967,0,0,0
-574,57987776,-1,1,12.07165782,1,1,1
574,57987776,-1,1,7.099362118,1,1,1
-577,58595504,1,0,0.0607313304,0,0,0
577,3662219,1,0,0.2641893735,0,0,0
-579,3687651,-1,1,14.05219525,1,1,1
579,59002416,-1,1,5.434725183,1,1,1
-581,59410736,1,0,2.17878881,0,0,0
581,3713171,1,0,9.478021424,0,0,0
-582,59615424,-1,1,10.28016567,1,1,1
582,59615424,-1,1,6.089570041,1,1,1
-583,339889,1,0,0.9666881766,0,0,0
583,5438224,-1,1,4.212753789,1,1,1
-586,60437696,1,0,2.169473723,0,0,0
586,60437696,1,0,0.5243055309,0,0,0
-587,3790259,1,0,1.92677778,2,0,0
587,60644144,1,0,0.523858743,0,0,0
-589,61058096,-1,1,21.14063175,1,1,1
589,3816131,-1,1,16.05392965,1,1,1
-590,61265600,-1,1,6.837485957,1,1,1
590,61265600,-1,1,9.411645112,1,1,1
-591,3842091,-1,1,3.290560699,1,1,1
591,61473456,-1,1,17.65679985,1,1,1
-593,61890224,-1,1,1.405190933,1,1,1
593,3868139,-1,1,3.662167122,1,1,1
-595,3894275,1,0,7.655123268,2,0,2
595,62308400,1,2,64.76520164,2,2,2
-597,62727984,1,0,0.9552862323,2,0,0
597,3920499,1,0,1.038905576,0,0,0
-598,62938304,1,0,2.147596118,0,0,0
598,62938304,1,0,0.5190182812,0,0,0
-599,3946811,1,2,22.76257195,2,2,2
599,63148976,1,0,0.518584863,0,0,0
-601,63571376,-1,1,20.60024822,1,1,1
601,3973211,-1,1,5.322203147,1,1,1
-602,63783104,-1,1,11.96758462,1,1,1
602,63783104,-1,1,13.02059343,1,1,1
-606,64633536,1,0,2.133373471,0,0,0
606,64633536,1,0,0.5155810363,0,0,0
-607,4052939,-1,1,3.528143725,1,1,1
607,64847024,-1,1,9.930159783,1,1,1
-609,65275056,1,0,0.2364569299,0,0,0
609,4079691,1,0,1.028619129,0,0,0
-610,65489600,1,0,0.9450521332,2,0,0
610,65489600,1,0,2.055551305,2,0,0
-611,4106531,-1,1,17.09996084,1,1,1
611,65704496,-1,1,8.263217858,1,1,1
-613,66135344,-1,1,14.20327957,1,1,1
613,4133459,-1,1,3.028980139,1,1,1
-614,66351296,1,0,0.2354921894,0,0,0
614,66351296,1,0,4.609900705,0,0,0
-615,4160475,-1,1,5.21220559,1,1,1
615,66567600,-1,1,17.25624725,1,1,1
-617,67001264,1,0,0.9396759295,2,0,0
617,4187579,1,2,20.36550652,2,2,2
-618,67218624,-1,1,14.16867627,1,1,1
618,67218624,-1,1,7.865061916,3,1,1
-619,4214771,1,0,2.93173952,0,0,0
619,67436336,1,0,0.1275345727,0,0,0
-622,68091584,-1,1,11.56126826,1,1,1
622,68091584,-1,1,8.773687351,1,1,1
-623,4269419,-1,1,3.505628918,1,1,1
623,68310704,-1,1,13.16707447,1,1,1
-626,68970176,-1,1,9.919661088,1,1,1
626,68970176,-1,1,7.857159082,1,1,1
-627,393129,1,0,3.728609529,2,0,0
627,6290064,-1,1,9.056118943,1,1,1
-629,69632816,-1,1,4.983577271,1,1,1
629,4352051,-1,1,25.77804256,1,1,1
-631,4379771,1,0,0.1161491451,0,0,0
631,70076336,1,0,0.1263160616,0,0,0
-633,70521264,-1,1,14.37044507,1,1,1
633,4407579,-1,1,3.047730328,1,1,1
-634,70744256,-1,1,23.0113536,1,1,1
634,70744256,-1,1,11.96290872,1,1,1
-635,4435475,-1,1,5.349192328,1,1,1
635,70967600,-1,1,13.78841722,1,1,1
-638,6512704,1,2,42.72542088,2,2,2
638,6512704,-1,1,8.259328985,1,1,1
-641,72315056,1,0,4.667203159,0,0,0
641,4519691,1,0,0.2506537675,0,0,0
-642,72540864,1,0,0.2302995975,0,0,0
642,72540864,1,0,0.5009169564,0,0,0
-643,4547939,1,0,0.1150602228,0,0,0
643,72767024,1,0,1.126186401,0,0,0
-645,73220400,-1,1,12.06302205,1,1,1
645,4576275,-1,1,14.75196179,1,1,1
-646,73447616,-1,1,21.19451433,1,1,1
646,73447616,-1,1,4.993494345,1,1,1
-647,4604699,1,0,0.1147039984,0,0,0
647,73675184,1,0,1.122699747,0,0,0
-649,6739216,1,0,2.86317806,0,0,0
649,421201,-1,1,3.547291486,1,1,1
-651,4661811,-1,1,29.17331674,1,1,1
651,74588976,-1,1,13.19394566,1,1,1
-653,75047984,1,0,0.5137911513,0,0,0
653,4690499,1,0,6.208499772,0,0,0
-654,75278016,1,0,0.912707901,2,0,0
654,75278016,1,2,107.4150506,2,2,2
-655,4719275,-1,1,5.014992224,1,1,1
655,75508400,-1,1,4.865894955,1,1,1
-658,76201664,1,0,0.9099294839,0,0,0
658,76201664,1,2,49.75602477,2,2,2
-659,4777091,-1,1,23.88902417,1,1,1
659,76433456,-1,1,16.20794297,1,1,1
-661,76898096,1,0,0.05674139017,0,0,0
661,4806131,1,0,2.22149342,0,0,0
-662,77130944,-1,1,14.56980027,1,1,1
662,77130944,-1,1,11.96665618,1,1,1
-663,4835259,1,0,0.4532459419,0,0,0
663,77364144,1,0,0.492920049,0,0,0
-665,77831600,1,0,0.2262819279,0,0,0
665,4864475,1,0,0.9843565153,0,0,0
-667,4893779,-1,1,25.49822995,1,1,1
667,78300464,-1,1,9.201676396,1,1,1
-669,78770736,1,0,0.0564011089,0,0,0
669,4923171,1,0,6.133808334,0,0,0
-670,79006400,-1,1,14.51750374,1,1,1
670,79006400,-1,1,12.17772815,1,1,1
-671,450241,1,2,11.15876974,2,2,2
671,7203856,-1,1,12.80185419,1,1,1
-673,79715504,-1,1,18.75492801,1,1,1
673,4982219,-1,1,2.682461235,1,1,1
-674,79952576,1,0,0.2247660662,0,0,0
674,79952576,1,0,0.4888811574,0,0,0
-677,80665904,-1,1,3.835210029,1,1,1
677,5041619,-1,1,22.9318507,1,1,1
-678,80904384,-1,1,4.453254489,1,1,1
678,80904384,-1,1,7.115213894,1,1,1
-679,5071451,-1,1,3.868830527,1,1,1
679,81143216,-1,1,9.565301703,1,1,1
-681,81621936,-1,1,13.5608025,1,1,1
681,5101371,-1,1,0.7693022047,1,1,1
-682,7441984,1,0,0.4468878027,0,0,0
682,7441984,-1,1,5.535287019,1,1,1
-683,5131379,1,2,71.94456983,2,2,2
683,82102064,1,0,0.4856494434,0,0,0
-685,82583600,1,0,0.05573851781,0,0,0
685,5161475,1,0,6.061749348,0,0,0
-687,5191659,1,0,0.1113146509,0,0,0
687,83066544,1,0,0.1210583882,0,0,0
-689,83550896,-1,1,6.141041092,1,1,1
689,5221931,-1,1,4.334296604,1,1,1
-690,83793600,-1,1,19.36400885,1,1,1
690,83793600,-1,1,17.5217406,1,1,1
-691,5252291,1,0,2.774799977,0,0,0
691,84036656,1,0,3.017687339,0,0,0
-694,84767936,1,0,5.537592151,0,0,0
694,84767936,1,0,0.4817852634,0,0,0
-695,5313275,-1,1,1.540331196,1,1,1
695,85012400,-1,1,8.210984594,1,1,1
-697,85502384,1,0,0.884105913,2,0,0
697,5343899,1,2,10.20827949,2,2,2
-698,85747904,1,0,0.2208680931,0,0,0
698,85747904,1,0,0.4804028065,0,0,0
-699,5374611,-1,1,23.71267948,1,1,1
699,85993776,-1,1,7.069948508,1,1,1
-701,86486576,-1,1,11.91682098,1,1,1
701,5405411,-1,1,18.17880364,1,1,1
-703,5436299,-1,1,5.56901714,1,1,1
703,86980784,-1,1,10.65138044,1,1,1
-705,87476400,1,0,0.2197688494,0,0,0
705,5467275,1,2,31.36580107,2,2,2
-706,87724736,-1,1,4.510293821,1,1,1
706,87724736,-1,1,11.46689102,1,1,1
-707,5498339,1,0,0.4389155644,0,0,0
707,87973424,1,0,4.296017578,0,0,0
-709,88471856,1,0,1.369675201,0,0,0
709,5529491,1,0,0.2383307798,0,0,0
-710,88721600,-1,1,7.395848283,1,1,1
710,88721600,-1,1,12.4321991,1,1,1
-713,89472944,1,0,0.4916980049,0,0,0
713,5592059,1,0,0.23766131,0,0,0
-714,89724096,-1,1,15.46900228,1,1,1
714,89724096,-1,1,21.5499373,1,1,1
-715,511225,1,0,3.491625485,2,0,0
715,8179600,-1,1,3.517833599,1,1,1
-717,90479664,-1,1,2.349110445,1,1,1
717,5654979,-1,1,20.18216449,1,1,1
-718,90732224,1,0,1.959931894,0,0,0
718,90732224,1,0,0.4736647055,0,0,0
-719,5686571,1,0,0.9792842314,0,0,0
719,90985136,1,0,0.1183337999,0,0,0
-721,91492016,-1,1,10.39364305,1,1,1
721,5718251,-1,1,3.370957468,1,1,1
-723,5750019,-1,1,14.69106691,1,1,1
723,92000304,-1,1,9.728167551,1,1,1
-727,5813819,1,0,0.108209027,0,0,0
727,93021104,1,0,2.942022969,0,0,0
-730,93790400,1,0,1.943756113,0,0,0
730,93790400,1,0,0.4697554389,0,0,0
-731,5877971,1,0,1.726601013,2,0,0
731,94047536,1,0,7.5109443,2,0,2
-733,94562864,-1,1,1.250121598,1,1,1
733,5910179,-1,1,13.11445857,1,1,1
-734,94821056,-1,1,7.909328398,1,1,1
734,94821056,-1,1,11.0367898,1,1,1
-737,8690704,1,0,2.686810037,0,0,0
737,543169,-1,1,3.185642608,1,1,1
-739,6007331,-1,1,24.43663475,1,1,1
739,96117296,-1,1,1.290952468,1,1,1
-741,96638256,1,0,0.21436387,0,0,0
741,6039891,1,0,8.392602388,0,0,0
-742,96899264,1,0,0.856877485,0,0,0
742,96899264,1,0,1.863765575,0,0,0
-743,6072539,-1,1,1.573717121,1,1,1
743,97160624,-1,1,3.857792071,1,1,1
-745,97684400,-1,1,15.00143838,1,1,1
745,6105275,-1,1,4.360632585,1,1,1
-746,97946816,1,0,0.2136442846,0,0,0
746,97946816,1,0,0.4646905422,0,0,0
-749,98736176,1,0,0.8528639852,2,0,0
749,6171011,1,2,131.0553136,2,2,2
-751,6204011,1,0,2.66164872,0,0,0
751,99264176,1,0,1.042067369,0,0,0
-753,99793584,1,0,0.05316223287,0,0,0
753,6237099,1,0,0.2312627914,0,0,0
-754,100058816,-1,1,15.432755,1,1,1
754,100058816,-1,1,11.07184861,1,1,1
-755,6270275,-1,1,17.36267071,1,1,1
755,100324400,-1,1,14.977873,1,1,1
-757,100856624,1,0,5.30215918,0,0,0
757,6303539,1,0,0.922603936,0,0,0
-758,101123264,-1,1,2.781541119,1,1,1
758,101123264,-1,1,10.82421856,1,1,1
-759,576081,1,0,0.2118067542,0,0,0
759,9217296,-1,1,12.76817817,1,1,1
-761,101925296,-1,1,6.083468914,1,1,1
761,6370331,-1,1,4.48717839,1,1,1
-762,102193344,1,0,1.902504605,0,0,0
762,102193344,1,0,0.4597860192,0,0,0
-763,6403859,1,0,0.42250166,0,0,0
763,102461744,1,0,0.459484619,0,0,0
-766,103269056,-1,1,19.14887194,1,1,1
766,103269056,-1,1,11.37761532,1,1,1
-767,6471179,-1,1,4.182573412,1,1,1
767,103538864,-1,1,1.672155013,1,1,1
-769,104079536,-1,1,2.627106649,1,1,1
769,6504971,-1,1,3.194995848,1,1,1
-770,9486400,1,0,0.4205768132,0,0,0
770,9486400,-1,1,13.15369706,1,1,1
-771,6538851,1,0,6.724863634,2,0,2
771,104621616,1,2,86.30438456,2,2,2
-773,105165104,1,0,0.209879947,0,0,0
773,6572819,1,0,0.9130057146,0,0,0
-777,106256304,-1,1,11.16327561,1,1,1
777,6641019,-1,1,4.75404848,1,1,1
-778,106529984,-1,1,11.53809951,1,1,1
778,106529984,-1,1,2.203961233,1,1,1
-779,6675251,1,2,104.9225655,2,2,2
779,106804016,1,0,7.275862799,2,0,2
-781,9759376,1,0,2.610028136,0,0,0
781,609961,-1,1,11.41209138,1,1,1
-782,107628224,1,0,0.2086687029,0,0,0
782,107628224,1,0,0.4538683206,0,0,0
-785,108455600,1,0,0.4686065802,0,0,0
785,6778475,1,0,0.2265001131,0,0,0
-786,108732096,1,0,0.208137062,0,0,0
786,108732096,1,0,0.4527119663,0,0,0
-787,6813059,-1,1,15.2405191,1,1,1
787,109008944,-1,1,0.9035285489,1,1,1
-789,109563696,-1,1,12.45929391,1,1,1
789,6847731,-1,1,34.70606763,1,1,1
-790,109841600,1,0,3.321751425,2,0,2
790,109841600,1,0,1.806257622,2,0,0
-791,6882491,-1,1,3.590541207,1,1,1
791,110119856,-1,1,11.02440173,1,1,1
-793,110677424,1,0,1.864947492,0,0,0
793,6917339,1,0,0.9014188782,0,0,0
-794,110956736,-1,1,4.132765687,1,1,1
794,110956736,-1,1,27.52396841,1,1,1
-795,6952275,1,0,0.4139111487,0,0,0
795,111236400,1,0,0.450142152,0,0,0
-797,111796784,1,0,1.291848394,0,0,0
797,6987299,1,0,2.023096507,0,0,0
-798,112077504,-1,1,14.84686731,1,1,1
798,112077504,-1,1,3.414547825,1,1,1
-799,7022411,-1,1,6.472951341,1,1,1
799,112358576,-1,1,2.445734773,1,1,1
-802,113203904,-1,1,17.19261113,1,1,1
802,113203904,-1,1,9.056289797,1,1,1
-803,644809,1,2,47.13791697,2,2,2
803,10316944,-1,1,16.83931066,1,1,1
-805,114052400,-1,1,24.34666547,1,1,1
805,7128275,-1,1,19.2142968,1,1,1
-806,114335936,1,0,1.849846454,0,0,0
806,114335936,1,0,4.023539189,0,0,0
-807,7163739,1,0,0.4108222163,0,0,0
807,114619824,1,0,4.021045517,0,0,0
-809,115188656,-1,1,22.07291584,1,1,1
809,7199291,-1,1,5.192732945,1,1,1
-811,7234931,-1,1,12.59491369,1,1,1
811,115758896,-1,1,11.66675707,1,1,1
-813,116330544,-1,1,10.26805096,1,1,1
813,7270659,-1,1,16.28700872,1,1,1
-814,10601536,1,0,0.4090519677,0,0,0
814,10601536,-1,1,2.822383157,1,1,1
-815,7306475,1,2,17.00322553,2,2,2
815,116903600,1,0,4.001261655,0,0,0
-817,117478064,1,0,0.8166005272,2,0,0
817,7342379,1,2,19.09045631,2,2,2
-818,117765824,1,0,0.81610123,2,0,0
818,117765824,1,2,99.79031813,2,2,2
-821,118631216,-1,1,15.57383233,1,1,1
821,7414451,-1,1,7.621442298,1,1,1
-822,118920384,-1,1,10.94906599,1,1,1
822,118920384,-1,1,15.46909644,1,1,1
-823,7450619,1,0,0.9153207106,0,0,0
823,119209904,1,0,0.1106046379,0,0,0
-826,120080576,1,0,1.827313988,0,0,0
826,120080576,1,0,0.4416143972,0,0,0
-827,7523219,-1,1,16.09612732,1,1,1
827,120371504,-1,1,5.646446465,1,1,1
-829,120954416,1,0,0.05066679536,0,0,0
829,7559651,1,0,0.220407306,0,0,0
-830,121246400,1,2,73.11755464,2,2,2
830,121246400,1,2,57.87057603,2,2,2
-831,7596171,-1,1,3.367440686,1,1,1
831,121538736,-1,1,17.35435811,1,1,1
-834,122417856,1,0,0.2020587526,0,0,0
834,122417856,1,0,0.4394912387,0,0,0
-835,7669475,-1,1,33.88196371,1,1,1
835,122711600,-1,1,11.79746481,1,1,1
-838,123594944,-1,1,5.802776034,1,1,1
838,123594944,-1,1,4.333924186,1,1,1
-839,7743131,1,0,0.1007278854,0,0,0
839,123890096,1,0,0.1095449283,0,0,0
-842,124777664,-1,1,11.05472515,1,1,1
842,124777664,-1,1,5.47466543,1,1,1
-843,7817139,-1,1,12.44093274,1,1,1
843,125074224,-1,1,10.58928015,1,1,1
-849,126860976,-1,1,17.86592247,1,1,1
849,7928811,-1,1,4.260148032,1,1,1
-851,7966211,1,0,2.500379479,0,0,0
851,127459376,1,0,2.719245913,0,0,0
-853,128059184,-1,1,9.831535227,1,1,1
853,8003699,-1,1,11.1290326,1,1,1
-854,128359616,-1,1,12.92466711,1,1,1
854,128359616,-1,1,19.37835373,1,1,1
-857,129263024,-1,1,7.528448552,1,1,1
857,8078939,-1,1,4.554909616,1,1,1
-858,11778624,1,0,3.585828826,0,0,0
858,11778624,-1,1,6.317937576,1,1,1
-859,8116691,1,0,0.0995483613,0,0,0
859,129867056,1,0,0.1082621566,0,0,0
-861,130472496,1,0,0.1988653492,0,0,0
861,8154531,1,0,0.8650907475,0,0,0
-862,130775744,1,0,1.788749682,0,0,0
862,130775744,1,0,0.4322944046,0,0,0
-863,8192459,1,0,0.3972695612,0,0,0
863,131079344,1,2,50.89291522,2,2,2
-865,131687600,-1,1,3.77289475,1,1,1
865,8230475,-1,1,1.94618494,1,1,1
-866,131992256,-1,1,5.903899993,1,1,1
866,131992256,-1,1,4.10255184,1,1,1
-869,12082576,1,0,0.3958957143,0,0,0
869,755161,-1,1,14.1944879,1,1,1
-870,133214400,1,0,3.165344981,2,0,2
870,133214400,1,0,1.721209015,2,0,0
-871,8345051,-1,1,3.037340235,1,1,1
871,133520816,-1,1,4.718117739,1,1,1
-874,134442176,1,0,4.934520815,0,0,0
874,134442176,1,0,0.4293164513,0,0,0
-877,135366704,-1,1,12.55440421,1,1,1
877,8460419,-1,1,1.898463588,1,1,1
-878,135675584,1,2,34.99426438,2,2,2
878,135675584,1,0,1.713349572,2,0,0
-879,8499051,-1,1,6.743175353,1,1,1
879,135984816,-1,1,12.93566715,1,1,1
-881,136604336,1,0,1.228719515,0,0,0
881,8537771,1,0,1.924233657,0,0,0
-883,8576579,1,0,1.570978814,2,0,0
883,137225264,1,0,0.4271229382,0,0,0
-885,137847600,1,0,2.402841622,0,0,0
885,8615475,1,0,1.919880182,0,0,0
-886,138159296,-1,1,2.749899044,1,1,1
886,138159296,-1,1,6.318008456,1,1,1
-887,8654459,-1,1,3.199917897,1,1,1
887,138471344,-1,1,12.77071928,1,1,1
-889,139096496,1,0,0.1957085559,0,0,0
889,8693531,1,0,0.8513582764,0,0,0
-890,139409600,-1,1,10.91678206,1,1,1
890,139409600,-1,1,8.247655563,1,1,1
-893,140351024,-1,1,6.586801065,1,1,1
893,8771939,-1,1,18.27072403,1,1,1
-894,140665536,1,0,1.756444546,0,0,0
894,140665536,1,0,3.820383821,0,0,0
-895,8811275,1,0,0.877731509,0,0,0
895,140980400,1,0,0.954562233,0,0,0
-897,141611184,-1,1,5.899076061,1,1,1
897,8850699,-1,1,2.717842244,1,1,1
-898,141927104,-1,1,18.02433665,1,1,1
898,141927104,-1,1,3.45378364,1,1,1
-899,8890211,-1,1,11.83438452,1,1,1
899,142243376,-1,1,19.80685178,1,1,1
-901,142876976,-1,1,13.84061673,1,1,1
901,8929811,-1,1,23.7318812,1,1,1
-902,13017664,1,0,0.3885862416,0,0,0
902,13017664,-1,1,10.36701121,1,1,1
-903,8969499,1,0,0.388371018,0,0,0
903,143511984,1,0,0.4223664097,0,0,0
-905,144148400,1,0,0.4364343466,0,0,0
905,9009275,1,0,0.2109497242,0,0,0
-906,144467136,1,0,0.7754549729,2,0,0
906,144467136,1,0,6.746664764,2,0,2
-907,9049139,1,0,3.487623172,0,0,0
907,144786224,1,2,51.96853171,2,2,2
-910,145745600,-1,1,12.01549522,1,1,1
910,145745600,-1,1,6.606652193,1,1,1
-911,9129131,1,0,0.3866620063,0,0,0
911,146066096,1,0,1.682031211,2,0,0
-913,13337104,1,0,0.386238267,0,0,0
913,833569,-1,1,3.603798656,1,1,1
-914,147029696,1,0,3.088215353,2,0,2
914,147029696,1,0,1.679268497,2,0,0
-915,9209475,-1,1,20.25156797,1,1,1
915,147351600,-1,1,15.69929995,1,1,1
-917,147996464,1,2,36.33953207,2,2,2
917,9249779,1,0,3.353038703,2,0,0
-919,9290171,-1,1,8.44061741,1,1,1
919,148642736,-1,1,9.228030856,1,1,1
-921,149290416,-1,1,16.80722847,1,1,1
921,9330651,-1,1,2.797511289,1,1,1
-922,149614784,1,0,0.7686970665,2,0,0
922,149614784,1,0,1.671967295,2,0,0
-923,9371219,-1,1,7.170599122,1,1,1
923,149939504,-1,1,6.686042878,1,1,1
-926,150915776,-1,1,18.05996315,1,1,1
926,150915776,-1,1,10.49109916,1,1,1
-929,151895216,1,0,0.1914488826,0,0,0
929,9493451,1,0,0.8328281303,0,0,0
-930,152222400,-1,1,8.879938711,1,1,1
930,152222400,-1,1,19.52704938,1,1,1
-933,153206064,1,0,0.1910380476,0,0,0
933,9575379,1,2,95.25930194,2,2,2
-934,153534656,-1,1,14.03540501,1,1,1
934,153534656,-1,1,8.720173088,1,1,1
-935,874225,1,0,0.7633344779,0,0,0
935,13987600,-1,1,15.67704916,1,1,1
-937,154522544,-1,1,9.984829333,1,1,1
937,9657659,-1,1,4.328884053,1,1,1
-938,154852544,1,0,0.190528204,0,0,0
938,154852544,1,0,0.414411528,0,0,0
-939,9698931,1,0,0.09521336215,0,0,0
939,155182896,1,0,2.588692517,0,0,0
-941,155844656,-1,1,4.628812835,1,1,1
941,9740291,-1,1,19.77553307,1,1,1
-942,156176064,-1,1,14.13583183,1,1,1
942,156176064,-1,1,2.226736049,1,1,1
-943,9781739,-1,1,2.51190955,1,1,1
943,156507824,-1,1,1.811924196,1,1,1
-946,14318656,1,0,1.51776702,2,0,0
946,14318656,-1,1,10.58185564,1,1,1
-947,9864899,1,0,2.37025852,0,0,0
947,157838384,1,0,0.9279846142,0,0,0
-949,158505776,1,0,0.7576830608,2,0,0
949,9906611,1,0,3.296022198,2,0,0
-951,9948411,1,0,0.8514966589,0,0,0
951,159174576,1,0,0.1028923289,0,0,0
-953,159844784,-1,1,12.93905091,1,1,1
953,9990299,-1,1,1.331969188,1,1,1
-955,10032275,1,0,0.8497115486,0,0,0
955,160516400,1,0,0.9240895934,0,0,0
-957,14653584,1,0,1.509019011,2,0,0
957,915849,-1,1,16.02715405,1,1,1
-958,161526464,1,0,0.1885289021,0,0,0
958,161526464,1,0,3.690566218,0,0,0
-959,10116491,-1,1,5.841464194,1,1,1
959,161863856,-1,1,8.363627374,1,1,1
-962,162878144,1,0,1.693228876,0,0,0
962,162878144,1,0,0.4092095034,0,0,0
-965,163895600,-1,1,4.253814665,1,1,1
965,10243475,-1,1,38.21888155,1,1,1
-966,164235456,1,0,0.1877466211,0,0,0
966,164235456,1,0,3.675252599,0,0,0
-967,10285979,-1,1,4.320583518,1,1,1
967,164575664,-1,1,3.440447675,1,1,1
-969,165257136,1,0,0.1874557664,0,0,0
969,10328571,1,0,0.815457543,0,0,0
-970,165598400,-1,1,9.409761758,1,1,1
970,165598400,-1,1,5.09377478,1,1,1
-971,10371251,1,0,2.340782656,0,0,0
971,165940016,1,0,0.9164444602,0,0,0
-973,166624304,1,0,0.748280218,2,0,0
973,10414019,1,0,3.25511858,2,0,0
-974,166966976,-1,1,15.97022617,1,1,1
974,166966976,-1,1,13.60848021,1,1,1
-977,167997104,1,0,1.166791961,0,0,0
977,10499819,1,0,0.2030280155,0,0,0
-978,168341184,-1,1,12.08030337,1,1,1
978,168341184,-1,1,11.82712773,1,1,1
-979,958441,1,0,1.678463326,0,0,0
979,15335056,-1,1,11.95911328,1,1,1
-982,169721024,1,2,68.6213183,2,2,2
982,169721024,1,2,21.90988345,2,2,2
-983,10629179,1,0,0.09305804797,0,0,0
983,170066864,1,0,0.1012037248,0,0,0
-985,170759600,-1,1,16.87859969,1,1,1
985,10672475,-1,1,3.718822223,1,1,1
-986,171106496,-1,1,3.800289944,1,1,1
986,171106496,-1,1,11.83238456,1,1,1
-987,10715859,-1,1,27.87625401,1,1,1
987,171453744,-1,1,11.91971895,1,1,1
-989,172149296,-1,1,9.356283428,1,1,1
989,10759331,-1,1,32.63439233,1,1,1
-991,10802891,1,0,1.482906786,2,0,0
991,172846256,1,0,0.4031776229,0,0,0
-993,173544624,1,0,0.04629414604,0,0,0
993,10846539,1,0,0.2013856992,0,0,0
-994,173894336,1,0,0.1850834135,0,0,0
994,173894336,1,0,0.4025687462,0,0,0
-995,10890275,1,0,3.329826902,0,0,0
995,174244400,1,0,1.609465598,2,0,0
-997,174945584,-1,1,10.30068401,1,1,1
997,10934099,-1,1,17.61504647,1,1,1
-998,175296704,-1,1,15.18729199,1,1,1
998,175296704,-1,1,6.630878129,1,1,1
-1001,16032016,1,2,47.89837296,2,2,2
1001,1002001,-1,1,5.664150997,1,1,1
-1002,176704704,1,0,0.1843430769,0,0,0
1002,176704704,1,0,0.4009584647,0,0,0
-1003,11066099,-1,1,25.3076682,1,1,1
1003,177057584,-1,1,4.283777531,1,1,1
-1005,177764400,1,0,0.4141523978,0,0,0
1005,11110275,1,0,0.200179786,0,0,0
-1006,178118336,1,2,91.12869195,2,2,2
1006,178118336,1,2,77.554727,2,2,2
-1007,11154539,-1,3,106.5501302,3,3,3
1007,178472624,-1,1,8.950744494,3,1,1
-1009,179182256,-1,1,17.28827368,1,1,1
1009,11198891,-1,1,1.097768526,1,1,1
-1010,179537600,1,0,1.652503985,0,0,0
1010,179537600,1,0,3.594306181,0,0,0
-1011,11243331,-1,1,18.45924902,1,1,1
1011,179893296,-1,1,26.67719847,1,1,1
-1013,180605744,1,0,0.4125138062,0,0,0
1013,11287859,1,0,0.1993877758,0,0,0
-1015,11332475,1,0,0.3663175007,0,0,0
1015,181319600,1,0,3.58544228,0,0,0
-1018,182393024,-1,1,10.9917428,1,1,1
1018,182393024,-1,1,7.746441764,1,1,1
-1019,11421971,-1,1,16.814545,1,1,1
1019,182751536,-1,1,10.21514328,1,1,1
-1021,183469616,1,0,1.643578045,0,0,0
1021,11466851,1,0,0.7944203705,0,0,0
-1022,183829184,-1,1,4.313124636,1,1,1
1022,183829184,-1,1,9.436608713,1,1,1
-1023,1046529,1,0,0.1824411815,0,0,0
1023,16744464,-1,1,10.77282036,1,1,1
-1027,11602019,1,0,0.3641710906,0,0,0
1027,185632304,1,0,0.3960481832,0,0,0
-1030,186718400,-1,1,23.72509892,1,1,1
1030,186718400,-1,1,6.698654366,3,1,1
-1031,11692571,-1,1,5.255447424,1,1,1
1031,187081136,-1,1,9.391271475,1,1,1
-1033,187807664,-1,1,9.97919925,1,1,1
1033,11737979,-1,1,1.930568536,1,1,1
-1034,17106496,1,0,1.451745239,0,0,0
1034,17106496,-1,1,11.13450078,1,1,1
-1037,189264944,1,2,74.19555162,2,2,2
1037,11829059,1,0,3.153071768,2,0,0
-1038,189630144,1,0,0.7244726712,2,0,0
1038,189630144,1,2,58.40859413,2,2,2
-1039,11874731,1,0,0.09051549348,0,0,0
1039,189995696,1,0,2.460965303,0,0,0
-1041,190727856,-1,1,12.31674206,1,1,1
1041,11920491,-1,1,7.344440225,1,1,1
-1042,191094464,-1,1,7.53306182,1,1,1
1042,191094464,-1,1,10.1437323,1,1,1
-1043,11966339,1,0,1.445468147,2,0,0
1043,191461424,1,2,103.9675493,2,2,2
-1045,17472400,1,0,1.444084261,2,0,0
1045,1092025,-1,1,4.248097302,1,1,1
-1046,192564416,1,0,1.623818033,0,0,0
1046,192564416,1,0,0.3924347028,0,0,0
-1047,12058299,-1,1,5.997064979,1,1,1
1047,192932784,-1,1,4.142308628,1,1,1
-1049,193670576,1,0,2.20703407,0,0,0
1049,12104411,1,0,0.1959365728,0,0,0
-1051,12150611,-1,1,23.63926855,1,1,1
1051,194409776,-1,1,8.823114588,1,1,1
-1054,195521216,1,0,0.1797381997,0,0,0
1054,195521216,1,0,0.3909425503,0,0,0
-1055,12243275,-1,1,1.250713421,1,1,1
1055,195892400,-1,1,11.750189,1,1,1
-1057,196635824,1,0,2.871727202,2,0,2
1057,12289739,1,2,22.69049681,2,2,2
-1059,12336291,1,0,4.393177971,0,0,0
1059,197380656,1,0,0.877541745,0,0,0
-1061,198126896,1,0,0.4030746811,0,0,0
1061,12382931,1,0,0.1948253924,0,0,0
-1063,12429659,-1,1,4.516799002,1,1,1
1063,198874544,-1,1,12.98670788,1,1,1
-1065,199623600,1,0,2.190392671,0,0,0
1065,12476475,1,0,0.1944591789,0,0,0
-1066,199998656,-1,1,19.65562805,1,1,1
1066,199998656,-1,1,4.790970204,1,1,1
-1067,1138489,1,0,1.60775916,0,0,0
1067,18215824,-1,1,6.395740619,1,1,1
-1069,201125936,-1,1,18.3035238,1,1,1
1069,12570371,-1,1,18.27068685,1,1,1
-1070,201502400,1,0,0.1783893011,0,0,0
1070,201502400,1,0,3.492077454,0,0,0
-1073,202633904,-1,1,9.840389605,1,1,1
1073,12664619,-1,1,2.582652454,1,1,1
-1074,203011776,-1,1,2.458181956,1,1,1
1074,203011776,-1,1,18.57064779,1,1,1
-1077,204147504,-1,1,10.52578206,1,1,1
1077,12759219,-1,1,17.51701903,1,1,1
-1079,12806651,1,0,0.3552875312,0,0,0
1079,204906416,1,0,3.477483149,0,0,0
-1081,205666736,1,0,0.1774793567,0,0,0
1081,12854171,1,2,25.70582846,2,2,2
-1082,206047424,1,0,1.596575909,0,0,0
1082,206047424,1,0,0.3858509881,0,0,0
-1085,207191600,-1,1,9.15062845,1,1,1
1085,12949475,-1,1,23.27999468,1,1,1
-1086,207573696,-1,1,17.8578235,1,1,1
1086,207573696,-1,1,9.0002657,1,1,1
-1087,12997259,1,0,0.353977711,0,0,0
1087,207956144,1,2,41.15563801,2,2,2
-1090,209105600,1,0,0.7069805001,2,0,0
1090,209105600,1,2,77.09057825,2,2,2
-1091,13093091,-1,1,21.06749521,1,1,1
1091,209489456,-1,1,7.972168127,1,1,1
-1093,210258224,1,0,1.103139992,0,0,0
1093,13141139,1,0,4.798805845,0,0,0
-1094,210643136,1,0,2.82274739,2,0,2
1094,210643136,1,2,100.8766988,2,2,2
-1095,13189275,-1,1,4.595868702,1,1,1
1095,211028400,-1,1,28.31528253,1,1,1
-1097,211799984,-1,1,1.130246483,1,1,1
1097,13237499,-1,1,3.641289793,1,1,1
-1099,13285811,-1,1,22.49893299,1,1,1
1099,212572976,-1,1,10.81328731,1,1,1
-1101,213347376,1,0,5.319764566,0,0,0
1101,13334211,1,0,4.781339706,0,0,0
-1102,213735104,-1,1,9.35538205,1,1,1
1102,213735104,-1,1,12.27108278,1,1,1
-1103,13382699,1,0,0.08785023772,0,0,0
1103,214123184,1,0,0.09554005778,0,0,0
-1105,214900400,1,0,0.1755413985,0,0,0
1105,13431275,1,0,0.7636284563,0,0,0
-1106,215289536,-1,1,10.02788135,1,1,1
1106,215289536,-1,1,4.184974327,1,1,1
-1109,216459056,1,2,57.89370129,2,2,2
1109,13528691,1,2,185.3429057,2,2,2
-1110,216849600,-1,1,19.71440569,1,1,1
1110,216849600,-1,1,11.46054384,1,1,1
-1111,1234321,1,0,0.7002669904,0,0,0
1111,19749136,-1,1,6.22118122,1,1,1
-1113,218023344,-1,1,11.96129694,1,1,1
1113,13626459,-1,1,4.574456837,1,1,1
-1114,218415296,1,0,1.573477753,0,0,0
1114,218415296,1,0,0.3802687628,0,0,0
-1115,13675475,1,0,2.184405555,0,0,0
1115,218807600,1,0,2.375613753,0,0,0
-1117,219593264,-1,1,15.6894707,1,1,1
1117,13724579,-1,1,16.29314335,1,1,1
-1118,219986624,-1,1,3.519811745,1,1,1
1118,219986624,-1,1,21.56687815,1,1,1
-1119,13773771,-1,1,7.250604153,1,1,1
1119,220380336,-1,1,17.17366373,1,1,1
-1121,221168816,-1,1,15.30831529,1,1,1
1121,13823051,-1,1,5.483930771,1,1,1
-1122,20142144,1,0,3.135716343,0,0,0
1122,20142144,-1,1,5.886461176,1,1,1
-1123,13872419,1,2,73.87499684,2,2,2
1123,221958704,1,0,0.3787419135,0,0,0
-1126,223146176,1,0,0.6955870516,2,0,0
1126,223146176,1,2,81.27925971,2,2,2
-1129,224336816,-1,1,15.95987067,1,1,1
1129,14021051,-1,1,0.8637960819,1,1,1
-1130,224734400,-1,1,3.115768373,1,1,1
1130,224734400,-1,1,18.44951424,1,1,1
-1131,14070771,1,0,3.123215099,0,0,0
1131,225132336,1,0,0.3774000425,0,0,0
-1133,20539024,1,0,0.346717477,0,0,0
1133,1283689,-1,1,16.24865352,1,1,1
-1135,14170475,-1,1,7.882621146,1,1,1
1135,226727600,-1,1,10.47637235,1,1,1
-1137,227527344,1,0,1.081584557,0,0,0
1137,14220459,1,0,0.1882014734,0,0,0
-1138,227927744,1,0,0.6919099137,2,0,0
1138,227927744,1,2,29.63716103,2,2,2
-1139,14270531,-1,1,15.20391542,1,1,1
1139,228328496,-1,1,9.857206904,1,1,1
-1141,229131056,-1,1,18.00173748,1,1,1
1141,14320691,-1,1,18.77522101,1,1,1
-1142,229532864,1,0,0.6906970996,2,0,0
1142,229532864,1,2,54.02311349,2,2,2
-1145,230740400,1,0,0.3880078103,0,0,0
1145,14421275,1,0,1.687885637,0,0,0
-1146,231143616,-1,1,9.816048924,1,1,1
1146,231143616,-1,1,17.05461208,1,1,1
-1147,14471699,1,0,0.7753387643,0,0,0
1147,231547184,1,0,2.342240874,0,0,0
-1149,232355376,1,0,2.108806673,0,0,0
1149,14522211,1,0,1.684945067,0,0,0
-1151,14572811,-1,1,2.105330168,1,1,1
1151,233164976,-1,1,17.61499795,1,1,1
-1153,233975984,1,0,2.105145548,0,0,0
1153,14623499,1,0,0.1868910904,0,0,0
-1154,234382016,-1,1,12.03184984,1,1,1
1154,234382016,-1,1,25.53270331,1,1,1
-1155,1334025,1,0,0.6867990601,0,0,0
1155,21344400,-1,1,11.77356667,1,1,1
-1157,235602224,-1,1,5.395008321,1,1,1
1157,14725139,-1,1,10.63462509,1,1,1
-1158,236009664,1,0,2.743635388,2,0,2
1158,236009664,1,0,1.491897406,2,0,0
-1159,14776091,1,0,0.3428064389,0,0,0
1159,236417456,1,0,0.3728134132,0,0,0
-1162,237642944,-1,1,14.34942805,1,1,1
1162,237642944,-1,1,6.488285786,1,1,1
-1163,14878259,-1,1,16.43139295,1,1,1
1163,238052144,-1,1,9.931737208,1,1,1
-1165,238871600,-1,1,12.13648585,1,1,1
1165,14929475,-1,1,13.00536515,1,1,1
-1166,21752896,1,0,1.36710353,0,0,0
1166,21752896,-1,1,13.22017956,1,1,1
-1167,14980779,1,0,0.08540735439,0,0,0
1167,239692464,1,0,0.09288334085,0,0,0
-1169,240514736,1,0,1.536016733,0,0,0
1169,15032171,1,0,0.7424308116,0,0,0
-1171,15083651,1,0,10.31662442,0,0,0
1171,241338416,1,0,0.8345210921,0,0,0
-1173,242163504,-1,1,21.23616222,1,1,1
1173,15135219,-1,1,12.34752264,1,1,1
-1174,242576576,-1,1,27.19734488,1,1,1
1174,242576576,-1,1,10.72048249,3,1,1
-1177,22165264,1,0,0.3401750499,0,0,0
1177,1385329,-1,1,1.434188791,1,1,1
-1178,244232384,1,0,0.1700153163,0,0,0
1178,244232384,1,0,3.328151683,0,0,0
-1181,245477936,1,0,0.1697992408,0,0,0
1181,15342371,1,0,6.647843752,0,0,0
-1182,245893824,1,2,78.21098292,2,2,2
1182,245893824,1,2,109.2713658,2,2,2
-1185,247143600,-1,1,12.85829313,1,1,1
1185,15446475,-1,1,2.11603509,1,1,1
-1186,247560896,1,0,2.711055017,2,0,2
1186,247560896,1,0,1.474181287,2,0,0
-1187,15498659,-1,1,12.50846844,1,1,1
1187,247978544,-1,1,15.61609627,1,1,1
-1189,248814896,1,2,62.42590682,2,0,2
1189,15550931,1,0,2.944640675,2,0,0
-1190,249233600,-1,1,8.629354387,1,1,1
1190,249233600,-1,1,4.447481789,1,1,1
-1191,15603291,1,0,0.33816979,0,0,0
1191,249652656,1,0,0.3677709033,0,0,0
-1193,250491824,1,0,0.3801219856,0,0,0
1193,15655739,1,0,1.65358125,0,0,0
-1194,250911936,-1,1,15.52964651,1,1,1
1194,250911936,-1,1,2.515086549,1,1,1
-1195,15708275,-1,1,31.7348046,1,1,1
1195,251332400,-1,1,12.5751792,1,1,1
-1198,252595904,-1,1,13.26491487,1,1,1
1198,252595904,-1,1,3.916520335,1,1,1
-1199,1437601,1,0,0.6740794582,0,0,0
1199,23001616,-1,1,6.195038542,1,1,1
-1201,253862576,-1,1,26.64372115,1,1,1
1201,15866411,-1,1,1.647786423,1,1,1
-1202,254285504,1,0,0.1683094338,0,0,0
1202,254285504,1,0,3.294758012,0,0,0
-1203,15919299,1,0,0.3364789305,0,0,0
1203,254708784,1,0,0.3659320372,0,0,0
-1205,255556400,-1,1,17.57947437,1,1,1
1205,15972275,-1,1,15.10088788,1,1,1
-1207,16025339,-1,1,3.050417579,1,1,1
1207,256405424,-1,1,6.164331229,1,1,1
-1209,257255856,-1,1,3.114716961,1,1,1
1209,16078491,-1,1,4.893518991,1,1,1
-1211,16131731,1,0,0.3353656803,0,0,0
1211,258107696,1,0,3.282492066,0,0,0
-1213,258960944,1,0,1.047153406,0,0,0
1213,16185059,1,0,0.1822102697,0,0,0
-1214,259388096,1,2,48.03481453,2,2,2
1214,259388096,1,0,1.457081671,2,0,0
-1217,260671664,-1,1,2.807866625,1,1,1
1217,16291979,-1,1,5.426629187,1,1,1
-1218,261100224,-1,1,13.29200033,1,1,1
1218,261100224,-1,1,15.15560949,1,1,1
-1219,16345571,1,0,5.348214516,2,0,2
1219,261529136,1,0,1.454090328,2,0,0
-1221,23853456,1,0,4.09137178,0,0,0
1221,1490841,-1,1,25.51735677,1,1,1
-1222,262817984,1,0,0.6677056963,0,0,0
1222,262817984,1,2,33.89838396,2,2,2
-1223,16453019,-1,1,3.048493669,1,1,1
1223,263248304,-1,1,11.88352102,1,1,1
-1226,264541376,1,0,0.6666155638,2,0,0
1226,264541376,1,2,107.8543875,2,2,2
-1227,16560819,-1,1,24.97372778,1,1,1
1227,264973104,-1,1,3.632951826,1,1,1
-1229,265837616,-1,1,7.772316895,1,1,1
1229,16614851,-1,1,18.84783282,1,1,1
-1230,266270400,1,0,0.1663826884,0,0,0
1230,266270400,1,0,0.3618934239,0,0,0
-1231,16668971,-1,1,5.881437202,1,1,1
1231,266703536,-1,1,6.291817019,1,1,1
-1234,268005056,-1,1,10.89351866,1,1,1
1234,268005056,-1,1,11.88113026,1,1,1
-1235,16777475,1,0,2.988819715,0,0,0
1235,268439600,1,0,0.3611601031,0,0,0
-1237,269309744,1,0,0.165911253,0,0,0
1237,16831859,1,0,0.721736041,0,0,0
-1238,269745344,-1,1,2.484146958,1,1,1
1238,269745344,-1,1,18.82934506,1,1,1
-1239,16886331,-1,1,6.368603458,1,1,1
1239,270181296,-1,1,14.72528321,1,1,1
-1241,271054256,1,0,1.490792886,0,0,0
1241,16940891,1,0,0.7205719499,0,0,0
-1243,1545049,1,0,0.1655103391,0,0,0
1243,24720784,-1,1,2.273781428,1,1,1
-1245,272804400,-1,1,20.24243453,1,1,1
1245,17050275,-1,1,29.82561133,1,1,1
-1246,273242816,1,0,0.1653109691,0,0,0
1246,273242816,1,0,0.3595623631,0,0,0
-1247,17105099,1,0,0.3304893446,0,0,0
1247,273681584,1,0,3.234763469,0,0,0
-1249,274560176,-1,1,10.60999671,1,1,1
1249,17160011,-1,1,5.508365593,1,1,1
-1253,276321584,-1,1,6.431264574,1,1,1
1253,17270099,-1,1,4.353137512,1,1,1
-1254,25160256,1,0,2.966090718,0,0,0
1254,25160256,-1,1,12.9669141,1,1,1
-1255,17325275,1,0,0.08235857702,0,0,0
1255,277204400,1,0,0.08956769397,0,0,0
-1257,278088624,1,0,4.114651549,0,0,0
1257,17380539,1,2,24.37025501,2,2,2
-1258,278531264,1,0,1.480685699,0,0,0
1258,278531264,1,0,3.22058997,0,0,0
-1259,17435891,1,0,2.05569103,0,0,0
1259,278974256,1,0,2.235632423,0,0,0
-1261,279861296,-1,1,27.86638959,1,1,1
1261,17491331,-1,1,4.342489232,1,1,1
-1262,280305344,-1,1,15.47805064,1,1,1
1262,280305344,-1,1,1.695941305,1,1,1
-1263,17546859,1,2,19.40356118,2,2,2
1263,280749744,1,2,78.87832803,2,2,2
-1265,25603600,1,0,2.050810079,0,0,0
1265,1600225,-1,1,6.793168613,1,1,1
-1266,282085056,1,0,0.655999988,2,0,0
1266,282085056,1,2,99.24807438,2,2,2
-1267,17658179,-1,1,13.54019761,1,1,1
1267,282530864,-1,1,5.53048014,1,1,1
-1270,283870400,1,0,4.09353814,0,0,0
1270,283870400,1,0,0.3561487191,0,0,0
-1271,17769851,-1,1,4.153576676,1,1,1
1271,284317616,-1,1,12.80830659,1,1,1
-1273,285213104,-1,1,4.016951086,1,1,1
1273,17825819,-1,1,1.918377764,1,1,1
-1277,287008304,1,0,0.3674072842,0,0,0
1277,17938019,1,0,4.439640572,0,0,0
-1279,17994251,1,0,0.08158220233,0,0,0
1279,287908016,1,0,2.218084016,0,0,0
-1281,288809136,1,0,0.1630369822,0,0,0
1281,18050571,1,0,0.7092325806,0,0,0
-1282,289260224,-1,1,21.49736004,1,1,1
1282,289260224,-1,1,1.639068637,1,1,1
-1283,18106979,-1,1,21.56603908,1,1,1
1283,289711664,-1,1,2.323633719,1,1,1
-1285,290615600,1,0,0.6511321215,2,0,0
1285,18163475,1,0,2.832511425,2,0,0
-1286,291068096,-1,1,16.32999767,1,1,1
1286,291068096,-1,1,27.96008014,1,1,1
-1289,292427696,-1,1,5.669098998,1,1,1
1289,18276731,-1,1,1.487185764,1,1,1
-1290,292881600,1,0,2.59947605,2,0,2
1290,292881600,1,0,5.654033465,2,0,2
-1291,18333491,1,0,5.196938173,2,0,2
1291,293335856,1,0,0.3532402033,0,0,0
-1293,294245424,-1,1,7.393490123,1,1,1
1293,18390339,-1,1,22.06839998,1,1,1
-1294,294700736,-1,1,9.913537583,1,1,1
1294,294700736,-1,1,5.012873882,1,1,1
-1295,18447275,-1,1,4.482257565,1,1,1
1295,295156400,-1,1,11.97022741,1,1,1
-1297,296068784,-1,1,20.82856447,1,1,1
1297,18504299,-1,1,1.807055435,1,1,1
-1298,26956864,1,0,0.3239316195,0,0,0
1298,26956864,-1,1,11.48118905,1,1,1
-1299,18561411,1,0,9.795159044,0,0,0
1299,296982576,1,0,0.08803769843,0,0,0
-1301,297897776,1,0,1.011118513,0,0,0
1301,18618611,1,0,8.621060309,0,0,0
-1302,298355904,1,0,0.161716823,0,0,0
1302,298355904,1,0,0.3517448561,0,0,0
-1303,18675899,1,0,0.7274463998,0,0,0
1303,298814384,1,0,2.197561595,0,0,0
-1306,300191936,-1,1,21.70994477,1,1,1
1306,300191936,-1,1,8.944891326,1,1,1
-1307,18790739,1,0,0.3228143966,0,0,0
1307,300651824,1,0,1.404285607,2,0,0
-1309,27415696,1,0,1.290270764,2,0,0
1309,1713481,-1,1,16.40441409,1,1,1
-1310,302033600,1,0,0.161222275,0,0,0
1310,302033600,1,0,0.3506691812,0,0,0
-1311,18905931,-1,1,2.206055866,1,1,1
1311,302494896,-1,1,10.92696734,1,1,1
-1313,303418544,1,0,2.576607772,2,0,2
1313,18963659,1,2,19.92171455,2,2,2
-1315,19021475,-1,1,29.50966974,1,1,1
1315,304343600,-1,1,6.240218302,1,1,1
-1317,305270064,-1,1,14.3353891,1,1,1
1317,19079379,-1,1,19.91322664,1,1,1
-1318,305733824,1,2,55.69182449,2,2,2
1318,305733824,1,0,1.39841326,2,0,0
-1319,19137371,-1,1,2.336157414,1,1,1
1319,306197936,-1,1,12.88221714,1,1,1
-1321,307127216,1,0,0.3612366468,0,0,0
1321,19195451,1,0,0.1746030568,0,0,0
-1322,307592384,-1,1,7.028544095,1,1,1
1322,307592384,-1,1,17.45815369,1,1,1
-1326,309456576,-1,1,18.0104424,1,1,1
1326,309456576,-1,1,18.34838351,1,1,1
-1327,19370219,-1,1,6.796347264,1,1,1
1327,309923504,-1,1,6.98126976,1,1,1
-1329,310858416,1,0,6.762774645,0,0,0
1329,19428651,1,0,0.1740767465,0,0,0
-1330,311326400,-1,1,17.38183288,1,1,1
1330,311326400,-1,1,15.14073998,1,1,1
-1333,312732464,-1,1,3.818239013,1,1,1
1333,19545779,-1,1,16.67634441,1,1,1
-1334,313201856,1,0,0.6390616692,2,0,0
1334,313201856,1,2,98.74489426,2,2,2
-1335,19604475,1,0,0.07985278443,0,0,0
1335,313671600,1,0,0.08684256112,0,0,0
-1337,314612144,-1,1,5.531652297,1,1,1
1337,19663259,-1,1,4.255309222,1,1,1
-1338,315082944,-1,1,21.1232986,1,1,1
1338,315082944,-1,1,12.04068124,1,1,1
-1339,19722131,-1,1,42.95637116,1,1,1
1339,315554096,-1,1,10.00969704,1,1,1
-1342,28815424,1,2,65.35189935,2,2,2
1342,28815424,-1,1,9.103111172,1,1,1
-1343,19840139,1,0,0.3184583805,0,0,0
1343,317442224,1,0,3.117006804,0,0,0
-1345,318388400,1,0,2.545772163,2,0,2
1345,19899275,1,2,16.72892337,2,2,2
-1346,318862016,1,0,0.6362065768,2,0,0
1346,318862016,1,0,1.383791659,2,0,0
-1347,19958499,1,0,0.7154666731,0,0,0
1347,319335984,1,0,0.08645486918,0,0,0
-1349,320284976,-1,1,7.599137114,1,1,1
1349,20017811,-1,1,32.39013601,1,1,1
-1351,20077211,1,0,0.3175140986,0,0,0
1351,321235376,1,0,3.107764362,0,0,0
-1353,29289744,1,0,1.269117351,2,0,0
1353,1830609,-1,1,3.859515645,1,1,1
-1354,322663616,1,0,1.427229685,0,0,0
1354,322663616,1,0,0.344924398,0,0,0
-1355,20196275,-1,1,29.1060627,1,1,1
1355,323140400,-1,1,7.514089959,1,1,1
-1357,324095024,1,0,1.940469665,0,0,0
1357,20255939,1,0,1.550443116,0,0,0
-1358,324572864,1,0,0.158347353,0,0,0
1358,324572864,1,0,0.3444160346,0,0,0
-1361,326008496,-1,1,6.269983545,1,1,1
1361,20375531,-1,1,5.239420224,1,1,1
-1362,326487744,1,0,0.1581146602,0,0,0
1362,326487744,1,0,0.3439099123,0,0,0
-1363,20435459,-1,1,9.222761307,1,1,1
1363,326967344,-1,1,3.261278516,1,1,1
-1365,327927600,1,0,2.527052996,2,0,2
1365,20495475,1,0,2.748254251,2,0,0
-1366,328408256,-1,1,16.50194198,1,1,1
1366,328408256,-1,1,10.31879342,1,1,1
-1367,20555579,1,2,20.14403773,2,2,2
1367,328889264,1,0,3.089523474,0,0,0
-1370,330334400,-1,1,3.902132273,1,1,1
1370,330334400,-1,1,17.88266038,1,1,1
-1371,20676051,-1,1,10.11202484,1,1,1
1371,330816816,-1,1,16.1117146,1,1,1
-1373,331782704,1,0,0.03937000165,0,0,0
1373,20736419,1,0,0.1712647492,0,0,0
-1374,332266176,-1,1,16.65124343,1,1,1
1374,332266176,-1,1,9.359155743,1,1,1
-1378,334203584,1,2,58.40612164,2,2,2
1378,334203584,1,2,82.11837102,2,2,2
-1379,20918051,1,0,5.028385185,2,0,2
1379,334688816,1,0,5.468536268,2,0,2
-1381,335660336,-1,1,29.30518756,1,1,1
1381,20978771,-1,1,19.24632298,1,1,1
-1382,336146624,-1,1,8.89308186,1,1,1
1382,336146624,-1,1,22.29700002,1,1,1
-1383,21039579,-1,1,3.302278173,1,1,1
1383,336633264,-1,1,12.88859028,1,1,1
-1385,337607600,-1,1,1.773583922,1,1,1
1385,21100475,-1,1,2.413741489,1,1,1
-1387,21161459,1,0,5.013862742,2,0,2
1387,338583344,1,2,56.79439083,2,2,2
-1389,339560496,1,0,0.03914259179,0,0,0
1389,21222531,1,0,0.170275486,0,0,0
-1390,340049600,1,0,3.912850919,0,0,0
1390,340049600,1,0,0.3404284497,0,0,0
-1391,21283691,1,0,0.3129155342,0,0,0
1391,340539056,1,0,0.3403060594,0,0,0
-1393,341519024,-1,1,8.930551764,1,1,1
1393,21344939,-1,3,113.3057427,3,3,3
-1394,342009536,-1,1,17.74955558,1,1,1
1394,342009536,-1,1,7.573926506,1,1,1
-1397,31225744,1,0,1.248971352,2,0,0
1397,1951609,-1,1,13.88889285,1,1,1
-1398,343975104,1,2,58.96559987,2,2,2
1398,343975104,1,0,1.357812032,2,0,0
-1399,21529211,-1,1,5.924420134,1,1,1
1399,344467376,-1,1,8.608979876,1,1,1
-1401,345452976,1,0,0.03897459706,0,0,0
1401,21590811,1,0,1.525902179,0,0,0
-1402,345946304,1,0,0.1558427798,0,0,0
1402,345946304,1,0,0.338968421,0,0,0
-1403,21652499,-1,1,6.034020122,1,1,1
1403,346439984,-1,1,18.9970872,1,1,1
-1405,347428400,-1,1,13.1109671,1,1,1
1405,21714275,-1,1,28.80479923,1,1,1
-1406,347923136,1,0,0.1556209394,0,0,0
1406,347923136,1,0,3.046373131,0,0,0
-1407,21776139,-1,1,7.255183291,1,1,1
1407,348418224,-1,1,10.93498227,1,1,1
-1409,349409456,1,0,0.3497741537,0,0,0
1409,21838091,1,0,0.1690626822,0,0,0
-1410,349905600,-1,1,4.89989835,1,1,1
1410,349905600,-1,1,15.56607643,1,1,1
-1411,21900131,1,0,4.971038931,2,0,2
1411,350402096,1,2,51.81480827,2,2,2
-1414,351893696,-1,1,5.568124657,1,1,1
1414,351893696,-1,1,15.25337683,1,1,1
-1415,22024475,-1,1,3.331174977,1,1,1
1415,352391600,-1,1,9.884418674,1,1,1
-1417,353388464,1,0,0.1550157293,0,0,0
1417,22086779,1,0,0.6743390623,0,0,0
-1418,353887424,-1,1,13.19737885,1,1,1
1418,353887424,-1,1,17.52540947,1,1,1
-1419,2013561,1,0,0.6196257913,0,0,0
1419,32216976,-1,1,12.89106659,1,1,1
-1423,22274219,1,0,0.6960985941,0,0,0
1423,356387504,1,0,0.08411448801,0,0,0
-1426,357891776,-1,1,6.535363818,1,1,1
1426,357891776,-1,1,15.20256428,1,1,1
-1427,22399619,-1,1,2.207277614,1,1,1
1427,358393904,-1,1,17.47363936,1,1,1
-1429,359399216,-1,1,32.04444538,1,1,1
1429,22462451,-1,1,9.849461829,1,1,1
-1430,32718400,1,0,0.3086190072,0,0,0
1430,32718400,-1,1,3.882815913,1,1,1
-1433,361414064,1,0,0.1541478947,0,0,0
1433,22588379,1,0,0.6705638664,0,0,0
-1434,361918656,1,0,0.6163765513,2,0,0
1434,361918656,1,0,5.362640134,2,0,2
-1435,22651475,1,0,0.3080808743,0,0,0
1435,362423600,1,0,0.3350482058,0,0,0
-1437,363434544,-1,1,8.195039996,1,1,1
1437,22714659,-1,1,9.826361211,1,1,1
-1438,363940544,-1,1,3.448899378,1,1,1
1438,363940544,-1,1,9.057211196,1,1,1
-1439,22777931,1,0,0.3076523888,0,0,0
1439,364446896,1,0,1.338328855,2,0,0
-1441,33223696,1,0,0.3074388155,0,0,0
1441,2076481,-1,1,2.628537518,1,1,1
-1442,365968064,1,0,2.458657564,2,0,0
1442,365968064,1,0,1.336935971,0,0,0
-1443,22904739,-1,1,22.78526155,1,1,1
1443,366475824,-1,1,2.070080734,1,1,1
-1446,368001216,1,0,0.6138136439,2,0,0
1446,368001216,1,0,1.335085539,2,0,0
-1447,23031899,-1,1,3.231948371,1,1,1
1447,368510384,-1,1,11.73168668,1,1,1
-1451,23159411,-1,1,16.57197959,1,1,1
1451,370550576,-1,1,5.412403318,1,1,1
-1453,371572784,1,0,1.875270728,0,0,0
1453,23223299,1,0,1.498348901,0,0,0
-1454,372084416,-1,1,5.834768218,1,1,1
1454,372084416,-1,1,9.109102682,1,1,1
-1455,23287275,1,0,0.07648903831,0,0,0
1455,372596400,1,0,4.076034387,0,0,0
-1457,373621424,1,0,0.1528730453,0,0,0
1457,23351339,1,2,31.5662066,2,2,2
-1459,23415491,-1,1,26.66763946,1,1,1
1459,374647856,-1,1,19.46937923,1,1,1
-1461,375675696,1,0,0.03816590752,0,0,0
1461,23479731,1,0,4.150669485,0,0,0
-1462,376190144,-1,1,5.218761114,1,1,1
1462,376190144,-1,1,7.655898879,1,1,1
-1463,2140369,1,0,0.6102369787,0,0,0
1463,34245904,-1,1,8.336263764,1,1,1
-1465,377735600,-1,1,19.53020749,1,1,1
1465,23608475,-1,1,4.961362266,1,1,1
-1466,378251456,1,0,0.6096122691,2,0,0
1466,378251456,1,0,1.32594727,2,0,0
-1469,379801136,-1,1,9.436200632,1,1,1
1469,23737571,-1,1,39.29671106,1,1,1
-1471,23802251,-1,1,2.866774883,1,1,1
1471,380836016,-1,1,4.759874319,1,1,1
-1473,381872304,-1,1,9.496328219,1,1,1
1473,23867019,-1,1,7.875431281,1,1,1
-1474,34762816,1,0,2.735800699,0,0,0
1474,34762816,-1,1,1.706023714,1,1,1
-1477,383949104,1,0,0.1518344936,0,0,0
1477,23996819,1,0,0.6605002634,0,0,0
-1478,384469184,1,2,78.43813395,2,2,2
1478,384469184,1,0,1.320553563,2,0,0
-1479,24061851,1,0,2.731172375,0,0,0
1479,384989616,1,0,2.97024087,0,0,0
-1481,386031536,-1,1,9.474442047,1,1,1
1481,24126971,-1,1,6.669523366,1,1,1
-1482,386553024,-1,1,3.924432173,1,1,1
1482,386553024,-1,1,19.52732233,1,1,1
-1483,24192179,1,0,6.136844806,0,0,0
1483,387074864,1,0,0.08239534572,0,0,0
-1486,388642496,1,2,174.1165076,2,2,2
1486,388642496,1,2,65.06568633,2,2,2
-1487,24322859,-1,1,2.507512556,1,1,1
1487,389165744,-1,1,10.45866331,1,1,1
-1489,390213296,1,0,0.945133945,0,0,0
1489,24388331,1,0,0.1644583401,0,0,0
-1490,390737600,1,0,0.1511706772,0,0,0
1490,390737600,1,0,2.959256583,0,0,0
-1491,24453891,-1,1,34.45913662,1,1,1
1491,391262256,-1,1,26.15574441,1,1,1
-1493,392312624,-1,1,1.923161258,1,1,1
1493,24519539,-1,1,13.20706101,1,1,1
-1495,24585275,-1,1,6.457211354,1,1,1
1495,393364400,-1,1,6.826469,1,1,1
-1497,394417584,1,2,49.35486502,2,2,2
1497,24651099,1,0,0.6560732681,0,0,0
-1498,394944704,-1,1,21.74665212,1,1,1
1498,394944704,-1,1,5.553311124,1,1,1
-1499,24717011,1,0,0.07535808972,0,0,0
1499,395472176,1,0,0.737589879,0,0,0
-1501,396528176,1,0,0.1506157355,0,0,0
1501,24783011,1,0,0.6551985033,0,0,0
-1502,397056704,-1,1,7.307421761,1,1,1
1502,397056704,-1,1,8.678798822,1,1,1
-1505,398644400,1,0,3.760386212,0,0,0
1505,24915275,1,0,0.6543272283,0,0,0
-1506,399174336,-1,1,23.24025757,1,1,1
1506,399174336,-1,1,7.898132993,1,1,1
-1507,2271049,1,0,0.1503156042,0,0,0
1507,36336784,-1,1,8.721902088,1,1,1
-1509,400766256,-1,1,26.35059207,1,1,1
1509,25047891,-1,1,12.87874824,1,1,1
-1510,401297600,1,0,2.402659357,2,0,2
1510,401297600,1,0,1.306486014,2,0,0
-1511,25114331,1,0,0.6755242975,0,0,0
1511,401829296,1,0,2.040708777,0,0,0
-1513,402893744,-1,1,5.834536639,1,1,1
1513,25180859,-1,1,1.477640575,1,1,1
-1514,403426496,-1,1,14.0500204,1,1,1
1514,403426496,-1,1,7.354478687,1,1,1
-1515,25247475,-1,1,19.32160173,1,1,1
1515,403959600,-1,1,0.7272441131,1,1,1
-1517,405026864,-1,1,4.868735791,1,1,1
1517,25314179,-1,1,25.0325648,1,1,1
-1518,36869184,1,0,2.695859859,0,0,0
1518,36869184,-1,1,12.7033352,1,1,1
-1522,407701184,1,0,3.739326397,0,0,0
1522,407701184,1,0,0.3253313542,0,0,0
-1523,25514819,1,0,0.07476197154,0,0,0
1523,408237104,1,0,0.08130613264,0,0,0
-1526,409846976,-1,1,3.778967087,1,1,1
1526,409846976,-1,1,15.40088292,1,1,1
-1527,25649019,1,0,0.6719758854,0,0,0
1527,410384304,1,0,0.08119957148,0,0,0
-1529,37405456,1,0,0.2984605575,0,0,0
1529,2337841,-1,1,6.574691559,1,1,1
-1531,25783571,-1,1,25.01796752,1,1,1
1531,412537136,-1,1,16.155381,1,1,1
-1533,413615664,1,0,0.1490354611,0,0,0
1533,25850979,1,0,5.834916894,0,0,0
-1534,414155456,1,0,3.724671894,0,0,0
1534,414155456,1,0,0.3240563734,0,0,0
-1535,25918475,-1,1,4.137892482,1,1,1
1535,414695600,-1,1,17.0813333,1,1,1
-1537,415776944,-1,1,4.764544787,1,1,1
1537,25986059,-1,1,3.300247051,1,1,1
-1538,416318144,1,0,0.1487930086,0,0,0
1538,416318144,1,0,8.090867483,0,0,0
-1541,417943856,1,0,0.3344582335,0,0,0
1541,26121491,1,0,1.454937848,0,0,0
-1542,418486464,-1,1,18.05052124,1,1,1
1542,418486464,-1,1,2.969192722,1,1,1
-1543,26189339,1,0,0.297103471,0,0,0
1543,419029424,1,2,61.50341073,2,2,2
-1545,420116400,1,0,2.37528887,2,0,2
1545,26257275,1,0,0.6458014279,0,0,0
-1546,420660416,-1,1,11.62218544,3,1,1
1546,420660416,-1,1,14.65982863,3,1,1
-1547,26325299,-1,1,18.80304753,1,1,1
1547,421204784,-1,1,15.8485616,1,1,1
-1549,422294576,1,0,3.002340962,0,0,0
1549,26393411,1,0,1.451175882,0,0,0
-1551,2405601,1,0,0.5926725121,0,0,0
1551,38489616,-1,1,14.8245918,1,1,1
-1553,424478384,-1,1,6.444746425,1,1,1
1553,26529899,-1,1,1.741105273,1,1,1
-1554,425025216,1,0,0.1480250395,0,0,0
1554,425025216,1,0,0.3219643155,0,0,0
-1555,26598275,1,0,0.2959548708,0,0,0
1555,425572400,1,0,1.287443093,2,0,0
-1558,427216064,-1,1,9.620240809,1,1,1
1558,427216064,-1,1,4.664641423,1,1,1
-1559,26735291,-1,1,2.26240061,1,1,1
1559,427764656,-1,1,29.64604611,1,1,1
-1561,428862896,-1,1,30.3472523,1,1,1
1561,26803931,-1,1,3.735736919,1,1,1
-1562,39037504,1,0,0.295290975,0,0,0
1562,39037504,-1,1,1.539263764,1,1,1
-1563,26872659,1,0,0.6641921183,0,0,0
1563,429962544,1,0,0.08025900417,0,0,0
-1565,431063600,1,0,0.03687597659,0,0,0
1565,26941475,1,0,1.443738673,0,0,0
-1567,27010379,1,2,22.17664268,2,2,2
1567,432166064,1,0,0.3206260088,0,0,0
-1569,433269936,-1,1,22.84882601,1,1,1
1569,27079371,-1,1,7.438704272,1,1,1
-1570,433822400,-1,1,31.87537339,1,1,1
1570,433822400,-1,1,9.148228102,1,1,1
-1571,27148451,1,0,1.177775694,2,0,0
1571,434375216,1,0,2.881958111,0,0,0
-1574,436035776,1,0,2.353305509,2,0,2
1574,436035776,1,2,160.1614237,2,2,2
-1577,437699504,1,0,1.322474649,0,0,0
1577,27356219,1,0,0.6392156453,0,0,0
-1578,438254784,1,0,0.1468950609,0,0,0
1578,438254784,1,0,0.3195065367,0,0,0
-1579,27425651,-1,1,19.74912237,1,1,1
1579,438810416,-1,1,1.717935915,1,1,1
-1581,439922736,-1,1,15.30047644,1,1,1
1581,27495171,-1,1,20.20812889,1,1,1
-1582,440479424,1,0,0.1467092353,0,0,0
1582,440479424,1,0,2.871921183,0,0,0
-1583,27564779,-1,1,1.98582534,1,1,1
1583,441036464,-1,1,12.73428073,1,1,1
-1585,442151600,1,0,0.3297832379,0,0,0
1585,27634475,1,0,1.434600995,0,0,0
-1586,442709696,-1,1,14.49895063,1,1,1
1586,442709696,-1,1,13.30869307,1,1,1
-1589,444386096,1,0,1.317471575,0,0,0
1589,27774131,1,0,0.6367974186,0,0,0
-1590,444945600,-1,1,19.20903505,1,1,1
1590,444945600,-1,1,13.98814713,1,1,1
-1591,27844091,-1,1,7.00200135,1,1,1
1591,445505456,-1,1,6.190447468,1,1,1
-1594,447187136,-1,1,10.55454386,1,1,1
1594,447187136,-1,1,5.549604988,1,1,1
-1595,2544025,1,0,2.337762199,2,0,0
1595,40704400,-1,1,18.7268544,1,1,1
-1597,448871984,-1,1,11.07258897,1,1,1
1597,28054499,-1,1,4.11314779,1,1,1
-1598,449434304,1,0,0.5838916932,0,0,0
1598,449434304,1,0,5.080013218,2,0,0
-1599,28124811,1,0,0.2918545422,0,0,0
1599,449996976,1,0,2.856613766,0,0,0
-1601,451123376,-1,1,7.581330446,1,1,1
1601,28195211,-1,1,5.408902653,1,1,1
-1603,28265699,-1,1,31.43952709,1,1,1
1603,452251184,-1,1,5.355759298,1,1,1
-1605,453380400,-1,1,20.43242226,1,1,1
1605,28336275,-1,1,9.6265927,1,1,1
-1606,41267776,1,0,0.291217801,0,0,0
1606,41267776,-1,1,8.494093079,1,1,1
-1607,28406939,1,0,0.07278179443,0,0,0
1607,454511024,1,0,0.7123736171,0,0,0
-1609,455643056,1,0,1.309257831,0,0,0
1609,28477691,1,0,0.6328273212,0,0,0
-1610,456209600,1,0,1.308851166,0,0,0
1610,456209600,1,0,2.846838422,0,0,0
-1613,457911344,-1,1,7.42815978,1,1,1
1613,28619459,-1,1,33.23837063,1,1,1
-1614,458479296,-1,1,5.842130902,1,1,1
1614,458479296,-1,1,5.677595597,1,1,1
-1615,28690475,1,0,0.2904052245,0,0,0
1615,459047600,1,0,2.842428135,0,0,0
-1618,460754624,1,0,1.305611431,0,0,0
1618,460754624,1,0,0.3155324201,0,0,0
-1619,28832771,-1,1,4.326881015,1,1,1
1619,461324336,-1,1,13.54666239,1,1,1
-1621,462464816,1,0,0.5797345411,2,0,0
1621,28904051,1,0,2.521922444,2,0,0
-1622,463035584,1,2,54.80232308,2,2,2
1622,463035584,1,0,5.042289826,2,0,2
-1623,28975419,-1,1,3.274471153,1,1,1
1623,463606704,-1,1,12.76328028,1,1,1
-1626,465322176,1,0,3.61776565,0,0,0
1626,465322176,1,0,0.3147552455,0,0,0
-1627,29118419,-1,1,25.19713049,1,1,1
1627,465894704,-1,1,1.372544804,1,1,1
-1630,467614400,-1,1,2.742858415,1,1,1
1630,467614400,-1,1,3.088011242,1,1,1
-1631,29261771,1,0,0.2889772861,0,0,0
1631,468188336,1,0,0.3142724177,0,0,0
-1633,469337264,1,0,1.768901659,0,0,0
1633,29333579,1,0,0.1570399539,0,0,0
-1634,469912256,-1,1,11.22905049,1,1,1
1634,469912256,-1,1,24.02954793,1,1,1
-1635,29405475,-1,1,41.44688619,1,1,1
1635,470487600,-1,1,12.68577293,1,1,1
-1637,471639344,1,0,0.03605590177,0,0,0
1637,29477459,1,0,0.1568479735,0,0,0
-1639,2686321,1,0,0.5765423414,0,0,0
1639,42981136,-1,1,10.08208566,1,1,1
-1641,473947056,-1,1,10.58258683,1,1,1
1641,29621691,-1,1,5.494162886,1,1,1
-1642,474524864,1,0,2.30406167,2,0,2
1642,474524864,1,0,1.252871881,2,0,0
-1643,29693939,1,2,77.21240398,2,2,2
1643,475103024,1,0,1.252490547,2,0,0
-1645,476260400,-1,1,6.309349976,1,1,1
1645,29766275,-1,1,5.937547713,1,1,1
-1646,476839616,-1,1,6.971017999,1,1,1
1646,476839616,-1,1,14.90976137,1,1,1
-1649,478579376,-1,1,8.595714439,1,1,1
1649,29911211,-1,1,2.893649483,1,1,1
-1651,29983811,1,0,1.148886545,2,0,0
1651,479740976,1,0,4.997809442,2,0,2
-1653,480903984,1,0,0.1435239129,0,0,0
1653,30056499,1,0,0.6243481311,0,0,0
-1654,481486016,1,0,1.291324675,0,0,0
1654,481486016,1,0,2.808717137,0,0,0
-1655,30129275,1,0,0.6454672439,0,0,0
1655,482068400,1,0,1.949908648,0,0,0
-1657,483234224,-1,1,4.106850381,1,1,1
1657,30202139,-1,1,2.586323488,1,1,1
-1658,483817664,-1,1,2.120652579,1,1,1
1658,483817664,-1,1,2.811364474,1,1,1
-1659,30275091,1,0,1.146113127,2,0,0
1659,484401456,1,0,4.985744706,2,0,2
-1661,44142736,1,0,0.2863557264,0,0,0
1661,2758921,-1,1,27.18619976,1,1,1
-1662,486154944,1,2,56.56322193,2,2,2
1662,486154944,1,0,4.981242904,2,0,2
-1663,30421259,-1,1,7.792946475,1,1,1
1663,486740144,-1,1,6.620324984,1,1,1
-1667,30567779,-1,1,21.28191296,1,1,1
1667,489084464,-1,1,11.5511211,1,1,1
-1669,490258736,-1,1,12.97488307,1,1,1
1669,30641171,-1,1,23.23303139,1,1,1
-1670,490846400,1,0,1.2851238,0,0,0
1670,490846400,1,0,0.3105810913,0,0,0
-1671,30714651,-1,1,2.973562431,1,1,1
1671,491434416,-1,1,11.48412526,1,1,1
-1673,492611504,1,0,1.283971051,0,0,0
1673,30788219,1,0,0.620605003,0,0,0
-1677,494969904,1,0,0.1424932072,0,0,0
1677,30935619,1,0,0.619864424,0,0,0
-1678,495560384,-1,1,15.16390399,1,1,1
1678,495560384,-1,1,8.116660334,1,1,1
-1679,31009451,-1,1,1.229388912,1,1,1
1679,496151216,-1,1,4.21457886,1,1,1
-1685,499703600,-1,1,6.825419629,1,1,1
1685,31231475,-1,1,4.472542127,1,1,1
-1686,500296896,1,0,2.273798054,2,0,2
1686,500296896,1,0,1.236415536,2,0,0
-1687,31305659,1,0,1.136562018,2,0,0
1687,500890544,1,0,1.236049027,2,0,0
-1689,502078896,-1,1,30.21542172,1,1,1
1689,31379931,-1,1,3.451287941,1,1,1
-1691,31454291,-1,1,30.79339798,1,1,1
1691,503268656,-1,1,7.544521866,1,1,1
-1693,504459824,-1,1,13.93783253,1,1,1
1693,31528739,-1,1,26.01978376,1,1,1
-1695,31603275,1,0,1.771682334,0,0,0
1695,505652400,1,0,0.6936348642,0,0,0
-1697,506846384,1,0,0.5666041656,2,0,0
1697,31677899,1,2,27.31020516,2,2,2
-1698,507443904,1,0,2.265749186,2,0,2
1698,507443904,1,0,1.23203883,2,0,0
-1699,31752611,1,0,0.2831352873,0,0,0
1699,508041776,1,0,4.926704795,2,0,2
-1702,509837504,-1,1,12.65894807,1,1,1
1702,509837504,-1,1,3.586999384,1,1,1
-1703,31902299,1,0,1.131210313,2,0,0
1703,510436784,1,0,1.23022887,2,0,0
-1705,46512400,1,0,0.07065916576,0,0,0
1705,2907025,-1,1,2.620904505,1,1,1
-1706,512236736,1,0,0.5651076296,2,0,0
1706,512236736,1,0,1.229146716,2,0,0
-1707,32052339,-1,1,19.91593532,1,1,1
1707,512837424,-1,1,18.73923842,1,1,1
-1709,514039856,1,0,0.03528821333,0,0,0
1709,32127491,1,0,7.521912899,0,0,0
-1711,32202731,-1,1,7.116688069,1,1,1
1711,515243696,-1,1,6.715833751,1,1,1
-1713,516448944,-1,1,3.087250223,1,1,1
1713,32278059,-1,1,7.32872289,1,1,1
-1714,517052096,1,2,85.95263636,2,2,2
1714,517052096,1,0,1.226274874,2,0,0
-1717,518863664,1,0,0.1408236334,0,0,0
1717,32428979,1,0,0.6126015555,0,0,0
-1718,519468224,-1,1,5.789625093,1,1,1
1718,519468224,-1,1,1.164377394,1,1,1
-1721,521284016,1,0,0.03516497123,0,0,0
1721,32580251,1,0,0.152972307,0,0,0
-1722,521889984,-1,1,7.205083343,1,1,1
1722,521889984,-1,1,12.77030355,1,1,1
-1723,32656019,-1,1,21.03250668,1,1,1
1723,522496304,-1,1,9.671396231,1,1,1
-1726,524317376,-1,1,14.56125213,1,1,1
1726,524317376,-1,1,3.208843792,1,1,1
-1727,2982529,1,0,0.1404153297,0,0,0
1727,47720464,-1,1,10.63982798,1,1,1
-1729,526141616,-1,1,29.28352424,1,1,1
1729,32883851,-1,1,3.718283352,1,1,1
-1730,526750400,1,0,2.244696472,2,0,2
1730,526750400,1,0,1.220591066,2,0,0
-1731,32959971,1,0,5.680246493,0,0,0
1731,527359536,1,0,0.6863841265,0,0,0
-1733,528578864,-1,1,14.38178002,1,1,1
1733,33036179,-1,1,24.38698309,1,1,1
-1735,33112475,-1,1,5.662812541,1,1,1
1735,529799600,-1,1,10.09918835,1,1,1
-1738,48330304,1,0,1.119762177,2,0,0
1738,48330304,-1,1,4.428557277,1,1,1
-1739,33265331,1,2,113.4878319,2,2,2
1739,532245296,1,0,2.739214018,0,0,0
-1741,533470256,1,0,0.3146616571,0,0,0
1741,33341891,1,0,7.452465015,0,0,0
-1742,534083264,1,0,0.1398094791,0,0,0
1742,534083264,1,0,0.3040949246,0,0,0
-1743,33418539,1,0,0.2795387347,0,0,0
1743,534696624,1,0,0.3040076789,0,0,0
-1745,535924400,-1,1,5.548214446,1,1,1
1745,33495275,-1,1,4.904505666,1,1,1
-1747,33572099,1,0,1.745115812,0,0,0
1747,537153584,1,0,0.07591486138,0,0,0
-1749,48944016,1,2,71.33067514,2,2,2
1749,3059001,-1,1,21.10186114,1,1,1
-1751,33726011,-1,1,7.353107907,1,1,1
1751,539616176,-1,1,13.57271315,1,1,1
-1753,540849584,1,2,51.41712237,2,2,2
1753,33803099,1,2,20.23377974,2,2,2
-1754,541466816,1,0,1.253973642,0,0,0
1754,541466816,1,0,0.3030529058,0,0,0
-1757,543320624,-1,1,8.71494048,1,1,1
1757,33957539,-1,1,18.36925949,1,1,1
-1758,543939264,1,0,3.479295106,0,0,0
1758,543939264,1,0,0.3027079394,0,0,0
-1759,34034891,-1,1,7.561612431,1,1,1
1759,544558256,-1,1,6.063520703,1,1,1
-1761,545797296,1,2,116.9648608,2,2,2
1761,34112331,1,0,0.6048999726,0,0,0
-1762,546417344,-1,1,7.336498848,1,1,1
1762,546417344,-1,1,4.246875318,1,1,1
-1763,34189859,1,0,1.111794506,2,0,0
1763,547037744,1,0,1.209113534,2,0,0
-1765,548279600,1,0,0.8680971999,0,0,0
1765,34267475,1,0,1.359481826,0,0,0
-1766,548901056,-1,1,14.28594644,1,1,1
1766,548901056,-1,3,743.6668826,3,3,3
-1767,34345179,-1,1,3.631042964,1,1,1
1767,549522864,-1,1,6.229999353,1,1,1
-1769,550767536,1,0,0.1387384303,0,0,0
1769,34422971,1,0,0.6035306444,0,0,0
-1770,551390400,-1,1,14.460205,1,1,1
1770,551390400,-1,1,11.4095364,1,1,1
-1771,3136441,1,0,0.5546402764,0,0,0
1771,50183056,-1,1,14.55506338,1,1,1
-1774,553885376,1,2,89.46326056,2,0,2
1774,553885376,1,2,92.22892314,2,2,2
-1777,555760304,-1,1,14.52189956,1,1,1
1777,34735019,-1,1,1.972888107,1,1,1
-1778,556385984,-1,1,16.24909041,1,1,1
1778,556385984,-1,1,13.05550836,1,1,1
-1779,34813251,-1,1,35.34295845,1,1,1
1779,557012016,-1,1,4.631422578,1,1,1
-1781,558265136,-1,1,2.554724817,1,1,1
1781,34891571,-1,1,34.89376744,1,1,1
-1783,34969979,1,0,0.06909633714,0,0,0
1783,559519664,1,0,0.07514456664,0,0,0
-1785,560775600,1,0,0.5524609349,2,0,0
1785,35048475,1,0,2.403278626,2,0,0
-1786,561404096,1,2,77.58948147,2,2,2
1786,561404096,1,0,1.201302861,0,0,0
-1787,35127059,1,0,0.0690189616,0,0,0
1787,562032944,1,0,1.876510454,0,0,0
-1789,563291696,-1,1,20.46409792,1,1,1
1789,35205731,-1,1,9.631118422,1,1,1
-1790,563921600,-1,1,11.85460947,1,1,1
1790,563921600,-1,1,28.03748363,1,1,1
-1793,51437584,1,0,1.102454146,2,0,0
1793,3214849,-1,1,3.533010873,1,1,1
-1794,566444736,1,0,1.239915197,0,0,0
1794,566444736,1,0,0.2996553444,0,0,0
-1795,35442275,-1,1,8.232251889,1,1,1
1795,567076400,-1,1,12.32667762,1,1,1
-1797,568340784,1,0,2.202452937,2,0,2
1797,35521299,1,0,5.389291984,0,0,0
-1798,568973504,1,2,78.52787514,2,2,2
1798,568973504,1,0,1.197287352,2,0,0
-1799,35600411,-1,3,181.1038222,3,3,3
1799,569606576,-1,1,18.26057572,3,1,1
-1801,570873776,-1,1,25.23116587,1,1,1
1801,35679611,-1,1,2.465718869,1,1,1
-1802,571507904,1,0,0.5498488118,0,0,0
1802,571507904,1,0,1.195957771,0,0,0
-1803,35758899,-1,1,24.31340562,1,1,1
1803,572142384,-1,1,3.432764256,1,1,1
-1806,574047936,-1,1,20.30319749,1,1,1
1806,574047936,-1,1,7.407276824,1,1,1
-1807,35917739,1,0,1.098175129,2,0,0
1807,574683824,1,2,56.51539701,2,2,2
-1810,576593600,-1,1,34.06599099,1,1,1
1810,576593600,-1,1,6.836198286,1,1,1
-1811,36076931,-1,1,13.64645316,1,1,1
1811,577230896,-1,1,18.18029023,1,1,1
-1814,579144896,-1,1,3.611406924,1,1,1
1814,579144896,-1,1,18.72714942,1,1,1
-1817,581062064,-1,1,14.16204223,1,1,1
1817,36316379,-1,1,4.305068317,1,1,1
-1819,36396371,1,0,6.840917417,0,0,0
1819,582341936,1,0,2.678301146,0,0,0
-1821,583623216,-1,1,32.56664683,1,1,1
1821,36476451,-1,1,19.66073613,1,1,1
-1822,584264384,-1,1,11.95108101,1,1,1
1822,584264384,-1,1,5.829752031,1,1,1
-1823,36556619,-1,1,2.134067879,1,1,1
1823,584905904,-1,1,22.02945731,1,1,1
-1826,53348416,1,0,1.092446791,2,0,0
1826,53348416,-1,1,14.21211479,1,1,1
-1829,588762416,1,0,0.8527738168,0,0,0
1829,36797651,1,0,7.27097211,0,0,0
-1830,589406400,1,0,2.182504414,2,0,2
1830,589406400,1,2,155.8207557,2,2,2
-1831,36878171,1,0,0.6136617222,0,0,0
1831,590050736,1,0,1.853826527,0,0,0
-1833,591340464,-1,1,14.47239909,1,1,1
1833,36958779,-1,1,6.868822643,1,1,1
-1834,591985856,-1,1,15.80996972,1,1,1
1834,591985856,-1,1,17.77940905,1,1,1
-1835,37039475,1,0,1.702756989,0,0,0
1835,592631600,1,0,0.07407219622,0,0,0
-1837,53993104,1,0,1.089171081,2,0,0
1837,3374569,-1,1,14.36230644,1,1,1
-1838,594570944,1,0,0.5444373742,2,0,0
1838,594570944,1,2,71.3586082,2,2,2
-1839,37201131,-1,1,4.132567535,1,1,1
1839,595218096,-1,1,21.63198864,1,1,1
-1841,596513456,1,2,72.41446679,2,0,2
1841,37282091,1,2,37.83109118,2,2,2
-1842,597161664,1,0,0.1359614789,0,0,0
1842,597161664,1,0,0.2957252681,0,0,0
-1843,37363139,-1,1,36.31273542,1,1,1
1843,597810224,-1,1,1.634729941,1,1,1
-1846,599758016,1,0,1.222326856,0,0,0
1846,599758016,1,0,0.2954046986,0,0,0
-1847,37525499,-1,1,1.931192799,1,1,1
1847,600407984,-1,1,16.44615036,1,1,1
-1851,37688211,1,0,0.2712610754,0,0,0
1851,603011376,1,0,2.655049041,0,0,0
-1853,604315184,1,0,0.1355573228,0,0,0
1853,37769699,1,0,0.5896924035,0,0,0
-1855,37851275,-1,1,8.344784995,1,1,1
1855,605620400,-1,1,2.902420607,1,1,1
-1857,606927024,1,0,0.8463203006,0,0,0
1857,37932939,1,0,1.325378158,0,0,0
-1858,607580864,-1,1,16.19035191,1,1,1
1858,607580864,-1,1,13.2160406,1,1,1
-1861,609544496,-1,1,3.138486245,1,1,1
1861,38096531,-1,1,14.8853188,1,1,1
-1865,612167600,-1,1,2.063467762,1,1,1
1865,38260475,-1,1,5.747769911,1,1,1
-1866,612824256,-1,1,15.72254616,1,1,1
1866,612824256,-1,1,5.462912784,1,1,1
-1867,38342579,-1,1,10.26266465,1,1,1
1867,613481264,-1,1,6.009807152,1,1,1
-1869,614796336,-1,1,24.12961276,1,1,1
1869,38424771,-1,1,31.92385666,1,1,1
-1870,55950400,1,0,2.428915435,0,0,0
1870,55950400,-1,1,1.857271189,1,1,1
-1871,38507051,1,0,1.686296009,0,0,0
1871,616112816,1,0,3.594449961,0,0,0
-1873,617430704,1,0,6.606750165,0,0,0
1873,38589419,1,0,0.5865355692,0,0,0
-1874,618090176,1,0,0.1347956569,0,0,0
1874,618090176,1,0,0.2931895277,0,0,0
-1877,620070704,-1,1,13.89395905,1,1,1
1877,38754419,-1,1,11.1156984,1,1,1
-1878,620731584,-1,1,6.028082822,1,1,1
1878,620731584,-1,1,9.718592226,1,1,1
-1879,38837051,1,0,0.06730809627,0,0,0
1879,621392816,1,0,0.6587981565,0,0,0
-1882,623378624,1,0,0.5380354294,2,0,0
1882,623378624,1,2,93.77680011,2,2,2
-1883,39002579,-1,1,8.450773107,1,1,1
1883,624041264,-1,1,6.889450633,1,1,1
-1885,625367600,1,0,0.1344017785,0,0,0
1885,39085475,1,0,0.5846656317,0,0,0
-1886,626031296,1,0,0.1343661423,0,0,0
1886,626031296,1,0,0.2922553048,0,0,0
-1887,39168459,-1,1,5.625284519,1,1,1
1887,626695344,-1,1,2.325799381,1,1,1
-1889,628024496,-1,1,14.78599324,1,1,1
1889,39251531,-1,1,8.786002481,1,1,1
-1891,39334691,-1,1,24.15875788,1,1,1
1891,629355056,-1,1,2.10880141,1,1,1
-1893,630687024,1,0,0.8382342525,0,0,0
1893,39417939,1,0,0.1458572243,0,0,0
-1894,631353536,-1,1,28.3995571,1,1,1
1894,631353536,-1,1,13.01636697,1,1,1
-1895,39501275,1,0,0.06702334366,0,0,0
1895,632020400,1,0,0.656011055,0,0,0
-1897,633355184,1,0,2.1436161,2,0,2
1897,39584699,1,2,26.91308296,2,2,2
-1898,634023104,-1,1,11.85187462,1,1,1
1898,634023104,-1,1,7.843920434,1,1,1
-1901,636028976,1,0,0.0334587447,0,0,0
1901,39751811,1,0,0.1455499944,0,0,0
-1902,636698304,-1,1,10.00675337,1,1,1
1902,636698304,-1,1,11.00581174,1,1,1
-1903,3621409,1,0,0.5350585276,0,0,0
1903,57942544,-1,1,7.927264106,1,1,1
-1905,638708400,-1,1,8.868854954,1,1,1
1905,39919275,-1,1,4.556656046,1,1,1
-1906,639379136,1,0,3.341482981,0,0,0
1906,639379136,1,0,0.2907179175,0,0,0
-1907,40003139,1,0,1.068994162,2,0,0
1907,640050224,1,0,0.2906416836,0,0,0
-1909,641393456,-1,1,7.951203763,1,1,1
1909,40087091,-1,1,5.795456297,1,1,1
-1910,642065600,-1,1,10.30048517,1,1,1
1910,642065600,-1,1,29.42028743,1,1,1
-1913,644084144,-1,1,15.19899337,1,1,1
1913,40255259,-1,1,3.381990384,1,1,1
-1914,58614336,1,0,4.268150301,2,0,2
1914,58614336,-1,1,22.42943855,1,1,1
-1915,40339475,1,0,11.26764129,0,0,0
1915,645431600,1,0,0.6525764186,0,0,0
-1918,647455424,1,0,0.1332405423,0,0,0
1918,647455424,1,0,0.2898070497,0,0,0
-1919,40508171,1,0,0.2664116432,0,0,0
1919,648130736,1,0,0.28973153,0,0,0
-1921,649482416,-1,1,20.55802014,1,1,1
1921,40592651,-1,1,3.64926304,1,1,1
-1923,40677219,1,0,1.663340123,0,0,0
1923,650835504,1,0,1.808937752,0,0,0
-1927,40846619,-1,1,6.855250741,1,1,1
1927,653545904,-1,1,11.53903999,1,1,1
-1929,654903216,1,0,0.03321502531,0,0,0
1929,40931451,1,0,0.1444897826,0,0,0
-1930,655582400,1,2,86.04623208,2,2,2
1930,655582400,1,0,1.155618761,2,0,0
-1931,41016371,-1,1,2.97526823,1,1,1
1931,656261936,-1,1,15.25792678,1,1,1
-1933,657622064,-1,1,26.58674734,1,1,1
1933,41101379,-1,1,12.92179518,1,1,1
-1934,658302656,1,0,0.5307529899,2,0,0
1934,658302656,1,2,126.230238,2,0,2
-1937,660346544,1,0,0.530341819,2,0,0
1937,41271659,1,2,37.54052966,2,2,2
-1938,661028544,-1,1,12.67607362,1,1,1
1938,661028544,-1,1,19.62435059,1,1,1
-1939,41356931,1,0,2.385307059,0,0,0
1939,661710896,1,0,0.2882334252,0,0,0
-1941,663076656,1,0,5.595960477,0,0,0
1941,41442291,1,0,1.296382003,0,0,0
-1942,663760064,-1,1,8.008522638,1,1,1
1942,663760064,-1,1,5.646593058,1,1,1
-1943,41527739,-1,1,1.823164014,1,1,1
1943,664443824,-1,1,1.697830331,1,1,1
-1945,665812400,1,0,0.2977031351,0,0,0
1945,41613275,1,0,0.1438942529,0,0,0
-1946,666497216,-1,1,16.60368584,1,1,1
1946,666497216,-1,1,1.459888907,1,1,1
-1947,3790809,1,0,6.479981966,0,0,0
1947,60652944,-1,1,9.322616099,1,1,1
-1949,668553776,-1,1,16.52004595,1,1,1
1949,41784611,-1,1,43.95599341,1,1,1
-1951,41870411,1,0,0.06605444723,0,0,0
1951,669926576,1,0,0.07183641011,0,0,0
-1954,671988416,-1,1,10.89886206,1,1,1
1954,671988416,-1,1,10.80882036,1,1,1
-1955,42042275,-1,1,8.949697153,1,1,1
1955,672676400,-1,1,18.23053364,1,1,1
-1957,674053424,-1,1,14.62625277,1,1,1
1957,42128339,-1,1,10.21027249,1,1,1
-1958,61340224,1,0,0.2637450666,0,0,0
1958,61340224,-1,1,3.80792199,1,1,1
-1959,42214491,1,0,0.06591943544,0,0,0
1959,675431856,1,0,0.0716895803,0,0,0
-1961,676811696,1,0,1.18594461,0,0,0
1961,42300731,1,0,0.5732241064,0,0,0
-1963,42387059,1,0,0.2634089571,0,0,0
1963,678192944,1,0,2.57819408,0,0,0
-1965,679575600,-1,1,14.39864721,1,1,1
1965,42473475,-1,1,24.21618349,1,1,1
-1966,680267456,-1,1,26.90915167,1,1,1
1966,680267456,-1,1,11.14739514,1,1,1
-1967,42559979,1,0,0.2631409926,0,0,0
1967,680959664,1,0,2.575571298,0,0,0
-1969,62031376,1,0,1.64379573,0,0,0
1969,3876961,-1,1,2.713967041,1,1,1
-1970,683038400,1,0,0.5258811103,2,0,0
1970,683038400,1,0,1.143826425,2,0,0
-1973,685120304,1,0,0.03284257187,0,0,0
1973,42820019,1,0,1.285826045,0,0,0
-1974,685814976,1,0,0.5253480325,0,0,0
1974,685814976,1,2,115.6836902,2,2,2
-1977,687901104,-1,1,10.86572098,1,1,1
1977,42993819,-1,1,6.258929202,1,1,1
-1978,688597184,1,0,0.5248165725,2,0,0
1978,688597184,1,0,1.141510984,2,0,0
-1979,43080851,-1,1,27.93699713,1,1,1
1979,689293616,-1,1,24.09427488,1,1,1
-1981,690687536,1,2,75.57639409,2,2,2
1981,43167971,1,0,2.281292624,2,0,0
-1982,691385024,-1,1,7.50940257,1,1,1
1982,691385024,-1,1,8.525601804,1,1,1
-1983,43255179,1,0,0.589673824,0,0,0
1983,692082864,1,0,1.781360867,0,0,0
-1985,693479600,1,2,90.06120338,2,2,2
1985,43342475,1,2,39.21456171,2,2,2
-1986,694178496,-1,1,12.61991173,1,1,1
1986,694178496,-1,1,20.44565785,1,1,1
-1987,43429859,-1,1,16.20268663,1,1,1
1987,694877744,-1,1,4.818943293,1,1,1
-1990,696977600,-1,1,24.1138941,1,1,1
1990,696977600,-1,1,10.14594922,1,1,1
-1991,3964081,1,0,0.1307751006,0,0,0
1991,63425296,-1,1,13.59579168,1,1,1
-1993,699080624,-1,1,14.79223014,1,1,1
1993,43692539,-1,1,2.852886122,1,1,1
-1994,699782336,1,0,0.1306766872,0,0,0
1994,699782336,1,0,2.558074448,0,0,0
-1995,43780275,1,0,2.351590776,0,0,0
1995,700484400,1,0,0.2841592495,0,0,0
-1997,701889584,-1,1,13.24943052,1,1,1
1997,43868099,-1,1,11.16646462,1,1,1
-1999,43956011,-1,1,10.49039408,1,1,1
1999,703296176,-1,1,3.343909457,1,1,1
-2001,704704176,-1,1,12.77210293,,,
2001,44044011,-1,1,6.894383181,,,
-2002,64128064,1,0,1.043322668,,,
2002,64128064,-1,1,9.566107935,,,
-2003,44132099,1,0,4.172248782,,,
2003,706113584,1,0,0.2835912145,,,
-2005,707524400,1,0,0.5212709176,,,
2005,44220275,1,0,2.267597898,,,
-2006,708230336,1,0,1.17256719,,,
2006,708230336,1,0,2.550411701,,,
-2010,711057600,-1,1,4.44274253,,,
2010,711057600,-1,1,7.149805969,,,
-2011,44485331,1,0,5.269988662,,,
2011,711765296,1,0,0.6368097879,,,
-2013,64834704,1,0,1.040468155,,,
2013,4052169,-1,1,5.611294648,,,
-2014,713890496,1,0,4.680944162,,,
2014,713890496,1,0,1.131262798,,,
-2015,44662475,-1,1,3.300702838,,,
2015,714599600,-1,1,12.44334772,,,
-2017,716018864,1,0,0.03248237325,,,
2017,44751179,1,0,0.1413026486,,,
-2018,716729024,1,0,0.5195891855,,,
2018,716729024,1,2,82.97347708,,,
-2019,44839971,-1,1,22.90491713,,,
2019,717439536,-1,1,13.72600076,,,
-2021,718861616,-1,1,7.336485874,,,
2021,44928851,-1,1,14.17722963,,,
-2022,719573184,1,0,0.1297687488,,,
2022,719573184,1,0,0.2822556678,,,
-2026,722422976,-1,1,23.15682978,,,
2026,722422976,-1,1,13.10809593,,,
-2027,45196019,1,0,0.5832386987,,,
2027,723136304,1,0,1.761920831,,,
-2029,724564016,1,0,0.2914755883,,,
2029,45285251,1,0,1.267957618,,,
-2030,725278400,-1,1,8.691167599,,,
2030,725278400,-1,1,2.452186146,,,
-2031,45374571,-1,1,7.011737106,,,
2031,725993136,-1,1,14.15796431,,,
-2033,727423664,1,0,0.517668805,,,
2033,45463979,1,2,44.0374836,,,
-2035,4141225,1,0,1.164182309,,,
2035,66259600,-1,1,13.0373055,,,
-2037,730288944,-1,1,20.45765202,,,
2037,45643059,-1,1,24.52125277,,,
-2038,731006144,1,0,0.5170333944,,,
2038,731006144,1,2,71.58262851,,,
-2039,45732731,1,2,28.70252528,,,
2039,731723696,1,0,0.2810765629,,,
-2041,733159856,-1,1,8.258483052,,,
2041,45822491,-1,1,2.311125126,,,
-2042,733878464,-1,1,6.29064652,,,
2042,733878464,-1,1,16.05958854,,,
-2045,736036400,-1,1,18.85316833,,,
2045,46002275,-1,1,26.70106361,,,
-2046,66977856,1,0,0.2580107932,,,
2046,66977856,-1,1,9.883672478,,,
-2047,46092299,1,0,0.06448694095,,,
2047,737476784,1,0,3.436453048,,,
-2049,738918576,1,0,2.062574748,,,
2049,46182411,1,0,0.5607796737,,,
-2051,46272611,1,0,2.319264967,,,
2051,740361776,1,0,2.522277852,,,
-2053,741806384,-1,1,2.698063357,,,
2053,46362899,-1,1,11.97880157,,,
-2054,742529216,-1,1,3.747104287,,,
2054,742529216,-1,1,14.00112722,,,
-2055,46453275,1,0,0.06436129652,,,
2055,743252400,1,0,0.06999505236,,,
-2059,46634291,-1,1,35.37966393,,,
2059,746148656,-1,1,3.319798564,,,
-2062,748324544,1,0,1.156535244,,,
2062,748324544,1,0,0.2795045723,,,
-2063,46815659,-1,1,1.452937024,,,
2063,749050544,-1,1,25.40625003,,,
-2065,750503600,-1,1,24.30267484,,,
2065,46906475,-1,1,2.995108333,,,
-2066,751230656,1,0,0.128379457,,,
2066,751230656,1,0,0.2792338656,,,
-2067,46997379,-1,1,34.37779408,,,
2067,751958064,-1,1,9.354546916,,,
-2069,753413936,1,0,1.154577147,,,
2069,47088371,1,0,5.022564318,,,
-2071,47179451,1,2,34.99311688,,,
2071,754871216,1,0,4.462345372,,,
-2073,756329904,1,0,0.8010157568,,,
2073,47270619,1,0,0.1393810078,,,
-2074,757059776,-1,1,17.67339299,,,
2074,757059776,-1,1,3.986471863,,,
-2077,759251504,1,0,0.2880878635,,,
2077,47453219,1,0,1.253220564,,,
-2078,759982784,-1,1,8.765149556,,,
2078,759982784,-1,1,3.908379517,,,
-2081,762178736,-1,1,11.64725714,,,
2081,47636171,-1,1,6.374712649,,,
-2082,762911424,1,0,0.1278852128,,,
2082,762911424,1,0,0.2781588515,,,
-2083,47727779,1,0,5.178107724,,,
2083,763644464,1,0,0.06952301868,,,
-2085,765111600,-1,1,1.9858868,,,
2085,47819475,-1,1,26.99431883,,,
-2086,765845696,-1,1,11.50354643,,,
2086,765845696,-1,1,6.755947444,,,
-2087,47911259,-1,1,2.43357027,,,
2087,766580144,-1,1,7.509197133,,,
-2089,768050096,-1,1,15.11279859,,,
2089,48003131,-1,1,4.744010119,,,
-2090,69889600,1,0,0.2552804434,,,
2090,69889600,-1,1,11.95411177,,,
-2091,48095091,1,0,1.020877574,,,
2091,769521456,1,2,136.6371498,,,
-2093,770994224,1,2,55.57571874,,,
2093,48187139,1,0,2.219415527,,,
-2094,771731136,1,0,6.248394397,,,
2094,771731136,1,0,2.496246207,,,
-2095,48279275,1,0,0.2549756308,,,
2095,772468400,1,2,47.96313442,,,
-2098,774682304,-1,1,16.20304554,,,
2098,774682304,-1,1,5.09171053,,,
-2099,48463811,1,0,3.120473925,,,
2099,775420976,1,0,0.06925753602,,,
-2101,70627216,1,0,1.591320581,,,
2101,4414201,-1,1,7.06255798,,,
-2102,777639104,1,0,0.1272753609,,,
2102,777639104,1,0,2.491491448,,,
-2103,48648699,-1,1,5.180889919,,,
2103,778379184,-1,1,7.133563762,,,
-2105,779860400,1,0,0.508738534,,,
2105,48741275,1,0,2.21308036,,,
-2109,782827056,-1,1,16.20515852,,,
2109,48926691,-1,1,16.15583717,,,
-2110,783569600,1,0,0.5081354057,,,
2110,783569600,1,0,4.420913343,,,
-2111,49019531,-1,1,4.266426154,,,
2111,784312496,-1,1,6.205218232,,,
-2113,785799344,1,0,0.1269436392,,,
2113,49112459,1,0,0.5522217327,,,
-2114,786543296,-1,1,5.126634906,,,
2114,786543296,-1,1,13.1039986,,,
-2117,788777264,1,0,0.1268236546,,,
2117,49298579,1,0,4.965298055,,,
-2118,789522624,-1,1,18.08027209,,,
2118,789522624,-1,1,15.21001187,,,
-2119,49391771,-1,1,6.333503492,,,
2119,790268336,-1,1,18.9002385,,,
-2121,791760816,1,0,3.167600241,,,
2121,49485051,1,0,0.5511793122,,,
-2122,792507584,-1,1,4.608071118,,,
2122,792507584,-1,1,10.26290116,,,
-2123,4507129,1,0,2.026309024,,,
2123,72114064,-1,1,5.592457056,,,
-2126,795498176,1,2,58.75401615,,,
2126,795498176,1,0,1.101061579,,,
-2127,49765419,1,0,0.06326258769,,,
2127,796246704,1,0,3.371208326,,,
-2129,797744816,-1,1,8.196789641,,,
2129,49859051,-1,1,5.319914843,,,
-2130,798494400,-1,1,21.00468192,,,
2130,798494400,-1,1,2.118008631,,,
-2131,49952771,-1,1,27.79046729,,,
2131,799244336,-1,1,15.38361995,,,
-2134,72863296,1,0,0.2526349788,,,
2134,72863296,-1,1,8.83806979,,,
-2135,50140475,1,0,0.2525758068,,,
2135,802247600,1,0,6.867114933,,,
-2137,803751344,1,0,0.2840147858,,,
2137,50234459,1,0,0.1372780149,,,
-2138,804503744,1,0,0.5047970797,,,
2138,804503744,1,2,105.1316258,,,
-2139,50328531,1,0,5.109875559,,,
2139,805256496,1,0,3.361738621,,,
-2141,806763056,-1,1,8.652807124,,,
2141,50422691,-1,1,33.21669072,,,
-2143,50516939,1,0,0.06302598064,,,
2143,808271024,1,0,0.616885667,,,
-2145,73616400,1,0,4.031781827,,,
2145,4601025,-1,1,4.824318201,,,
-2146,810535616,1,0,0.5038552933,,,
2146,810535616,1,0,4.383675226,,,
-2147,50705699,-1,1,8.034789542,,,
2147,811291184,-1,1,22.89891863,,,
-2149,812803376,1,0,0.5035034799,,,
2149,50800211,1,0,8.761228712,,,
-2153,815831984,-1,1,5.79066627,,,
2153,50989499,-1,1,3.252586315,,,
-2154,816590016,1,0,3.14324224,,,
2154,816590016,1,0,2.461234007,,,
-2155,51084275,-1,1,27.83244305,,,
2155,817348400,-1,1,15.00763751,,,
-2157,818866224,1,0,0.2826950073,,,
2157,51179139,1,0,1.229760922,,,
-2158,819625664,-1,1,21.46415776,,,
2158,819625664,-1,1,5.994942556,,,
-2159,51274091,1,2,25.66159002,,,
2159,820385456,1,0,1.092614393,,,
-2161,821906096,1,0,5.303468855,,,
2161,51369131,1,0,0.1365135838,,,
-2162,822666944,-1,1,10.36320701,,,
2162,822666944,-1,1,14.25083935,,,
-2163,51464259,-1,1,10.39961134,,,
2163,823428144,-1,1,6.208938284,,,
-2165,824951600,1,0,0.0313524693,,,
2165,51559475,1,0,1.227486744,,,
-2167,4695889,1,0,0.501407965,,,
2167,75134224,-1,1,2.235992276,,,
-2170,828766400,1,0,0.1252653124,,,
2170,828766400,1,0,0.2724603939,,,
-2171,51845651,1,0,4.007566702,,,
2171,829530416,1,2,127.8278478,,,
-2173,831059504,-1,1,13.67953885,,,
2173,51941219,-1,1,6.257895636,,,
-2174,831824576,-1,1,3.995149013,,,
2174,831824576,-1,1,17.3822934,,,
-2177,834121904,-1,1,3.855558369,,,
2177,52132619,-1,1,2.178202673,,,
-2179,52228451,1,0,0.06250317546,,,
2179,835655216,1,0,1.699357096,,,
-2181,837189936,1,0,5.279096167,,,
2181,52324371,1,0,3.397155506,,,
-2182,837957824,1,0,0.4996815466,,,
2182,837957824,1,2,63.26659897,,,
-2183,52420379,1,0,0.06244588564,,,
2183,838726064,1,0,3.327686984,,,
-2185,840263600,-1,1,34.54190472,,,
2185,52516475,-1,1,1.698006091,,,
-2186,841032896,-1,1,8.045493715,,,
2186,841032896,-1,1,16.98931194,,,
-2189,76667536,1,2,29.66341307,,,
2189,4791721,-1,1,24.28273212,,,
-2190,844113600,1,0,0.1246920128,,,
2190,844113600,1,0,2.440920862,,,
-2191,52805291,-1,1,7.719226708,,,
2191,844884656,-1,1,1.330554488,,,
-2193,846427824,1,0,4.485841019,,,
2193,52901739,1,2,31.40851191,,,
-2194,847199936,1,0,0.4983131783,,,
2194,847199936,1,0,1.083864337,,,
-2195,52998275,-1,1,20.77435795,,,
2195,847972400,-1,1,8.541371665,,,
-2198,850291904,1,0,0.1244648869,,,
2198,850291904,1,0,0.2707194151,,,
-2199,53191611,-1,1,9.090641494,,,
2199,851065776,-1,1,6.389651046,,,
-2201,852614576,1,0,0.2798550768,,,
2201,53288411,1,0,1.217406846,,,
-2202,853389504,-1,1,5.208293421,,,
2202,853389504,-1,1,9.040791234,,,
-2203,53385299,1,0,1.554044524,,,
2203,854164784,1,0,1.690075149,,,
-2206,856492736,-1,1,20.69410395,,,
2206,856492736,-1,1,7.709147499,,,
-2207,53579339,-1,1,5.872195703,,,
2207,857269424,-1,1,10.4725684,,,
-2210,859601600,-1,1,5.989610047,,,
2210,859601600,-1,1,24.84110257,,,
-2211,4888521,1,0,0.1240984398,,,
2211,78216336,-1,1,24.69333997,,,
-2213,861936944,-1,1,12.58335809,,,
2213,53871059,-1,1,6.539238159,,,
-2215,53968475,1,0,0.06199316822,,,
2215,863495600,1,0,0.067419634,,,
-2217,865055664,-1,1,11.66537809,,,
2217,54065979,-1,1,3.550951576,,,
-2218,865836224,-1,1,7.822844788,,,
2218,865836224,-1,1,7.890869805,,,
-2219,54163571,-1,1,11.15945687,,,
2219,866617136,-1,1,17.67395366,,,
-2221,868180016,-1,1,24.10981612,,,
2221,54261251,-1,1,17.99246557,,,
-2222,78996544,1,0,0.2475817688,,,
2222,78996544,-1,1,6.323105822,,,
-2226,872093376,1,2,128.7378747,,,
2226,872093376,1,0,4.304182227,,,
-2227,54554819,1,0,3.95685889,,,
2227,872877104,1,2,70.00866584,,,
-2229,874445616,-1,1,7.943370936,,,
2229,54652851,-1,1,31.65160087,,,
-2230,875230400,-1,1,16.92690783,,,
2230,875230400,-1,1,5.795492596,,,
-2231,54750971,1,0,0.0617704709,,,
2231,876015536,1,0,0.6045969892,,,
-2233,79780624,1,0,2.222740877,,,
2233,4986289,-1,1,2.768646673,,,
-2234,878373056,1,0,0.1234579634,,,
2234,878373056,1,0,0.2685292895,,,
-2235,54947475,-1,1,42.59403259,,,
2235,879159600,-1,1,4.525973427,,,
-2237,880733744,1,2,79.80334317,,,
2237,55045859,1,0,2.146793354,,,
-2238,881521344,1,0,1.110128267,,,
2238,881521344,1,0,2.414602887,,,
-2239,55144331,-1,1,3.088843105,,,
2239,882309296,-1,1,9.948875023,,,
-2242,884675264,1,0,0.1232375026,,,
2242,884675264,1,0,0.2680497725,,,
-2243,55341539,-1,1,9.649639932,,,
2243,885464624,-1,1,12.08618712,,,
-2245,887044400,1,0,2.493891459,,,
2245,55440275,1,0,6.562830063,,,
-2246,887834816,-1,1,7.410379761,,,
2246,887834816,-1,1,24.66047445,,,
-2247,55539099,1,2,32.94483119,,,
2247,888625584,1,0,1.071005503,,,
-2249,890208176,1,0,3.076139128,,,
2249,55638011,1,0,0.5352645914,,,
-2251,55737011,-1,1,15.71547543,,,
2251,891792176,-1,1,7.460237298,,,
-2253,893377584,1,0,1.505969533,,,
2253,55836099,1,0,3.342432645,,,
-2255,5085025,1,2,21.23962042,,,
2255,81360400,-1,1,1.427310902,,,
-2257,896552624,-1,1,2.492019625,,,
2257,56034539,-1,1,2.930677816,,,
-2258,897347264,1,0,1.105200909,,,
2258,897347264,1,0,2.403885555,,,
-2261,899733296,-1,1,23.22176394,,,
2261,56233331,-1,1,38.06694871,,,
-2262,900529344,-1,1,13.62157833,,,
2262,900529344,-1,1,9.742405626,,,
-2263,56332859,-1,1,2.259813881,,,
2263,901325744,-1,1,3.649528822,,,
-2265,902919600,-1,1,11.1178197,,,
2265,56432475,-1,1,4.163829413,,,
-2266,82156096,1,0,0.9806651164,,,
2266,82156096,-1,1,11.85072726,,,
-2267,56532179,1,0,3.002624454,,,
2267,904514864,1,0,0.06664191921,,,
-2269,906111536,1,0,0.7656379686,,,
2269,56631971,1,0,0.1332250842,,,
-2270,906910400,1,0,1.102275803,,,
2270,906910400,1,0,2.397523253,,,
-2271,56731851,1,0,0.2448962424,,,
2271,907709616,1,0,2.396995339,,,
-2273,909309104,-1,1,4.164008099,,,
2273,56831819,-1,1,5.202547183,,,
-2274,910109376,-1,1,22.52735668,,,
2274,910109376,-1,1,17.04500429,,,
-2278,913313984,1,0,0.1222598428,,,
2278,913313984,1,0,0.2659232974,,,
-2279,57132251,-1,1,7.163214283,,,
2279,914116016,-1,1,8.542742689,,,
-2281,915721136,1,0,0.7636213594,,,
2281,57232571,1,0,1.195867652,,,
-2282,916524224,1,2,65.78279506,,,
2282,916524224,1,0,1.062760534,,,
-2283,57332979,-1,1,12.82372309,,,
2283,917327664,-1,1,9.487815323,,,
-2285,918935600,-1,1,17.35812357,,,
2285,57433475,-1,1,24.02791555,,,
-2287,57534059,-1,1,2.912835542,,,
2287,920544944,-1,1,2.57776226,,,
-2289,922155696,1,0,5.976320454,,,
2289,57634731,1,0,0.5305671369,,,
-2290,922961600,-1,1,18.3363863,,,
2290,922961600,-1,1,6.161521934,,,
-2291,57735491,1,0,0.9752998003,,,
2291,923767856,1,0,4.24268399,,,
-2293,925381424,1,0,1.492776379,,,
2293,57836339,1,0,0.1325260409,,,
-2294,926188736,-1,1,3.902847906,,,
2294,926188736,-1,1,14.5679203,,,
-2297,928612784,1,0,0.7609571686,,,
2297,58038299,1,0,0.1324106001,,,
-2298,929421504,-1,1,19.36740449,,,
2298,929421504,-1,1,20.01775393,,,
-2301,931849776,-1,1,18.18314078,,,
2301,58240611,-1,1,30.56656973,,,
-2302,932659904,1,0,1.945933595,,,
2302,932659904,1,0,1.058133779,,,
-2305,935092400,-1,1,22.98879771,,,
2305,58443275,-1,1,5.091697677,,,
-2306,935903936,-1,1,7.293378643,,,
2306,935903936,-1,1,18.80094737,,,
-2307,58544739,-1,1,20.58002803,,,
2307,936715824,-1,1,3.60015082,,,
-2309,938340656,-1,1,12.7044181,,,
2309,58646291,-1,1,38.36647207,,,
-2310,85377600,1,0,0.2428201363,,,
2310,85377600,-1,1,20.56969948,,,
-2311,58747931,1,0,0.5462270886,,,
2311,939966896,1,0,0.594040141,,,
-2314,942408896,1,0,1.091745788,,,
2314,942408896,1,0,0.2638466412,,,
-2315,58951475,1,0,4.911794839,,,
2315,943223600,1,0,0.5935267095,,,
-2317,944854064,-1,1,18.42864005,,,
2317,59053379,-1,1,14.50358295,,,
-2318,945669824,-1,1,18.07569622,,,
2318,945669824,-1,1,10.34912151,,,
-2319,59155371,1,2,37.96489229,,,
2319,946485936,1,0,1.05424819,,,
-2321,86192656,1,2,62.48649284,,,
2321,5387041,-1,1,2.33740593,,,
-2323,59359619,-1,1,29.37877696,,,
2323,949753904,-1,1,14.68216311,,,
-2326,952208576,1,0,1.088925949,,,
2326,952208576,1,0,0.2631651592,,,
-2327,59564219,-1,1,2.336915837,,,
2327,953027504,-1,1,11.47763161,,,
-2329,954666416,-1,1,9.031713613,,,
2329,59666651,-1,1,1.321761463,,,
-2330,955486400,1,2,60.00022759,,,
2330,955486400,1,0,9.465810097,,,
-2333,957948464,1,0,0.2718227749,,,
2333,59871779,1,0,0.1313850293,,,
-2334,958769856,-1,1,19.0091384,,,
2334,958769856,-1,1,23.57225011,,,
-2335,59974475,1,0,0.5434126753,,,
2335,959591600,1,0,1.641609369,,,
-2337,961236144,1,0,0.4828267553,,,
2337,60077259,1,0,2.100360673,,,
-2338,962058944,-1,1,12.19774608,,,
2338,962058944,-1,1,1.494392236,,,
-2339,60180131,-1,1,18.23350664,,,
2339,962882096,-1,1,13.60797896,,,
-2341,964529456,1,0,0.7537720044,,,
2341,60283091,1,0,1.180443089,,,
-2342,965353664,-1,1,8.161302119,,,
2342,965353664,-1,1,5.289416236,,,
-2343,5489649,1,0,1.084968322,,,
2343,87834384,-1,1,16.76571257,,,
-2345,967828400,-1,1,8.14366979,,,
2345,60489275,-1,1,2.958943443,,,
-2346,968654016,1,0,0.1204749318,,,
2346,968654016,1,0,0.2620409971,,,
-2347,60592499,1,0,1.505615791,,,
2347,969479984,1,0,0.06549629161,,,
-2351,60799211,-1,1,2.057530325,,,
2351,972787376,-1,1,16.56262658,,,
-2353,974443184,-1,1,15.20654721,,,
2353,60902699,-1,1,1.335544154,,,
-2354,88661056,1,0,2.164860761,,,
2354,88661056,-1,1,17.29878808,,,
-2355,61006275,1,0,0.06012225227,,,
2355,976100400,1,0,1.634623766,,,
-2357,977759024,1,0,0.03004836945,,,
2357,61109939,1,0,10.58786705,,,
-2359,61213691,1,0,0.9611401277,,,
2359,979419056,1,0,1.045271882,,,
-2361,981080496,-1,1,9.153711476,,,
2361,61317531,-1,1,4.725089969,,,
-2362,981911744,-1,1,12.13373625,,,
2362,981911744,-1,3,617.2139005,,,
-2363,61421459,1,0,6.002039323,,,
2363,982743344,1,0,0.2610967021,,,
-2365,89491600,1,0,0.239980037,,,
2365,5593225,-1,1,23.62396133,,,
-2369,987740336,1,0,0.4795547023,,,
2369,61733771,1,0,0.5215317017,,,
-2370,988574400,1,0,4.315081678,,,
2370,988574400,1,0,4.171373298,,,
-2371,61838051,-1,1,31.89146671,,,
2371,989408816,-1,1,2.969807492,,,
-2373,991078704,-1,1,11.53460209,,,
2373,61942419,-1,1,9.70509648,,,
-2374,991914176,1,0,1.077861215,,,
2374,991914176,1,0,0.2604911001,,,
-2377,994422704,1,0,0.2692952048,,,
2377,62151419,1,0,0.130163333,,,
-2378,995259584,-1,1,10.67694268,,,
2378,995259584,-1,1,9.470480998,,,
-2379,62256051,1,0,0.2392728748,,,
2379,996096816,1,0,2.341954944,,,
-2381,997772336,1,0,0.4783447222,,,
2381,62360771,1,0,2.080863232,,,
-2382,998610624,-1,1,21.56354459,,,
2382,998610624,-1,1,12.13421891,,,
-2383,62465579,-1,1,6.584605012,,,
2383,999449264,-1,1,5.90424545,,,
-2386,1001967296,-1,1,12.33744048,,,
2386,1001967296,-1,1,6.593839606,,,
-2387,5697769,1,0,0.4777431566,,,
2387,91164304,-1,1,11.9585927,,,
-2389,1004488496,-1,1,14.11519191,,,
2389,62780531,-1,1,16.3733059,,,
-2390,1005329600,1,0,0.4774432236,,,
2390,1005329600,1,2,130.4804593,,,
-2391,62885691,1,0,0.5370112929,,,
2391,1006171056,1,0,1.622271268,,,
-2393,1007855024,-1,1,13.59444819,,,
2393,62990939,-1,1,5.949801361,,,
-2395,63096275,-1,1,42.64624012,,,
2395,1009540400,-1,1,13.28288818,,,
-2397,1011227184,-1,1,8.873309128,,,
2397,63201699,-1,1,19.95461304,,,
-2398,92006464,1,2,76.38855238,,,
2398,92006464,-1,1,4.932003399,,,
-2399,63307211,1,0,0.5361151533,,,
2399,1012915376,1,0,1.619564097,,,
-2402,1015450304,1,0,2.976556976,,,
2402,1015450304,1,0,0.2589683833,,,
-2405,1017988400,-1,1,12.85246122,,,
2405,63624275,-1,1,26.47086463,,,
-2406,1018835136,-1,1,9.785466864,,,
2406,1018835136,-1,1,28.58754678,,,
-2407,63730139,1,2,24.61488608,,,
2407,1019682224,1,0,1.034797077,,,
-2409,92852496,1,2,117.8746736,,,
2409,5803281,-1,1,4.140556242,,,
-2410,1022225600,1,0,1.901832017,,,
2410,1022225600,1,2,19.29467647,,,
-2411,63942131,-1,1,4.981228923,,,
2411,1023074096,-1,1,19.52297215,,,
-2413,1024772144,1,0,0.118790588,,,
2413,64048259,1,0,0.5167548744,,,
-2414,1025621696,1,0,1.068893828,,,
2414,1025621696,1,0,2.324915237,,,
-2415,64154475,-1,1,5.938536633,,,
2415,1026471600,-1,1,19.91235098,,,
-2417,1028172464,-1,1,11.49937729,,,
2417,64260779,-1,1,3.107210852,,,
-2418,1029023424,1,0,0.1186677054,,,
2418,1029023424,1,0,0.2581101593,,,
-2419,64367171,-1,1,52.99369391,,,
2419,1029874736,-1,1,4.824933202,,,
-2422,1032430784,-1,1,7.890141807,,,
2422,1032430784,-1,1,5.066438191,,,
-2423,64580219,1,0,0.05927260166,,,
2423,1033283504,1,0,0.5801483457,,,
-2426,1035843776,-1,1,13.06110756,,,
2426,1035843776,-1,1,16.73257397,,,
-2427,64793619,-1,1,14.01559341,,,
2427,1036697904,-1,1,12.75417083,,,
-2429,1038407216,1,0,0.1183987004,,,
2429,64900451,1,0,0.5150501114,,,
-2431,5909761,1,0,0.4733999468,,,
2431,94556176,-1,1,7.472893453,,,
-2433,1041830064,-1,1,16.15018508,,,
2433,65114379,-1,1,0.4949814718,,,
-2434,1042686656,1,0,0.4731081149,,,
2434,1042686656,1,0,1.029041647,,,
-2435,65221475,1,0,4.789235945,,,
2435,1043543600,1,0,0.06430189517,,,
-2437,1045258544,-1,1,8.857450995,,,
2437,65328659,-1,1,6.791394204,,,
-2438,1046116544,-1,1,9.445117313,,,
2438,1046116544,-1,1,3.093631717,,,
-2441,1048692656,-1,1,11.93151366,,,
2441,65543291,-1,1,11.03295408,,,
-2442,95413824,1,0,0.2361662637,,,
2442,95413824,-1,1,10.00750282,,,
-2443,65650739,1,0,3.777886775,,,
2443,1050411824,1,0,4.108577622,,,
-2445,1052132400,1,0,1.062095994,,,
2445,65758275,1,0,8.213793756,,,
-2446,1052993216,1,0,1.061878863,,,
2446,1052993216,1,0,2.30965722,,,
-2447,65865899,1,0,0.05898121471,,,
2447,1053854384,1,0,0.0641440343,,,
-2449,1055577776,-1,1,13.32276584,,,
2449,65973611,-1,1,1.918920166,,,
-2451,66081411,1,0,0.9429290684,,,
2451,1057302576,1,2,74.97309468,,,
-2453,96275344,1,0,0.5301813328,,,
2453,6017209,-1,1,34.63028999,,,
-2454,1059892416,1,0,0.4711762648,,,
2454,1059892416,1,0,4.099358976,,,
-2455,66297275,-1,1,1.709670921,,,
2455,1060756400,-1,1,8.034004783,,,
-2458,1063350464,1,0,1.059283636,,,
2458,1063350464,1,0,2.304012428,,,
-2459,66513491,-1,1,17.80294294,,,
2459,1064215856,-1,1,12.02491769,,,
-2461,1065947696,-1,1,22.56140064,,,
2461,66621731,-1,1,9.012426914,,,
-2462,1066814144,1,0,0.470410124,,,
2462,1066814144,1,0,1.023173337,,,
-2463,66730059,-1,1,0.9419503805,,,
2463,1067680944,-1,1,10.14011585,,,
-2465,1069415600,1,0,1.057778512,,,
2465,66838475,1,0,0.5112752633,,,
-2467,66946979,1,0,4.758073444,,,
2467,1071151664,1,0,0.06388349694,,,
-2469,1072889136,1,0,0.02935892548,,,
2469,67055571,1,0,6.258046511,,,
-2470,1073758400,-1,1,16.33711584,,,
2470,1073758400,-1,1,9.990230948,,,
-2471,67164251,-1,1,6.418732591,,,
2471,1074628016,-1,1,21.3237035,,,
-2473,1076368304,1,0,0.7333793075,,,
2473,67273019,1,0,0.1276119054,,,
-2474,1077238976,-1,1,14.79094677,,,
2474,1077238976,-1,1,16.02059082,,,
-2477,1079853104,-1,1,2.257367766,,,
2477,67490819,-1,1,22.85803234,,,
-2478,1080725184,1,0,1.055000223,,,
2478,1080725184,1,0,0.2549661911,,,
-2479,67599851,1,0,2.871365738,,,
2479,1081597616,1,0,0.06372869017,,,
-2481,1083343536,-1,1,7.794236762,,,
2481,67708971,-1,1,6.090770788,,,
-2482,1084217024,-1,1,26.14799335,,,
2482,1084217024,-1,1,12.032447,,,
-2483,67818179,-1,1,10.55833437,,,
2483,1085090864,-1,1,9.905104619,,,
-2485,1086839600,-1,1,14.97075651,,,
2485,67927475,-1,1,13.5532007,,,
-2486,98883136,1,0,2.106602697,,,
2486,98883136,-1,1,15.43699936,,,
-2487,68036859,1,0,1.462624397,,,
2487,1088589744,1,0,3.117679327,,,
-2489,1090341296,1,0,1.871406904,,,
2489,68146331,1,2,37.53658876,,,
-2490,1091217600,1,0,0.4677577704,,,
2490,1091217600,1,0,1.017404291,,,
-2491,68255891,1,0,0.9353277427,,,
2491,1092094256,1,2,74.95773897,,,
-2494,1094726336,-1,1,13.74786793,,,
2494,1094726336,-1,1,10.65306259,,,
-2495,68475275,1,0,0.2336444201,,,
2495,1095604400,1,0,1.016384336,,,
-2497,99760144,1,0,0.2335508313,,,
2497,6235009,-1,1,3.639515983,,,
-2498,1098240704,1,2,38.72919534,,,
2498,1098240704,1,0,1.015773834,,,
-2501,1100880176,1,0,1.866911925,,,
2501,68805011,1,0,2.030328862,,,
-2503,68915099,-1,1,1.246127975,,,
2503,1102641584,-1,1,3.750607803,,,
-2505,1104404400,-1,1,12.69622888,,,
2505,69025275,-1,1,9.294225592,,,
-2506,1105286336,1,0,1.049089811,,,
2506,1105286336,1,0,0.2535377978,,,
-2507,69135539,-1,1,9.306402881,,,
2507,1106168624,-1,1,3.35780219,,,
-2509,1107934256,1,0,0.465983301,,,
2509,69245891,1,0,2.027089404,,,
-2510,1108817600,-1,1,21.79736945,,,
2510,1108817600,-1,1,12.24903309,,,
-2513,1111469744,1,0,0.4656122951,,,
2513,69466859,1,0,2.025475479,,,
-2514,1112354496,-1,1,25.88935838,,,
2514,1112354496,-1,1,10.69930796,,,
-2515,69577475,-1,1,24.00166361,,,
2515,1113239600,-1,1,2.889936679,,,
-2517,1115010864,1,0,1.424804158,,,
2517,69688179,1,0,1.138424289,,,
-2518,1115897024,-1,1,7.803021044,,,
2518,1115897024,-1,1,12.35976582,,,
-2519,6345361,1,0,0.116264361,,,
2519,101525776,-1,1,21.48190713,,,
-2521,1118557616,-1,1,29.88406131,,,
2521,69909851,-1,1,1.72393173,,,
-2522,1119445184,1,0,0.1161951904,,,
2522,1119445184,1,0,0.2527322746,,,
-2526,1122998976,-1,1,17.39711615,,,
2526,1122998976,-1,1,22.78647452,,,
-2530,102414400,1,0,2.088204068,,,
2530,102414400,-1,1,8.068444724,,,
-2531,70465571,1,0,0.05799420838,,,
2531,1127449136,1,0,1.576765801,,,
-2533,1129231664,1,0,0.1159426168,,,
2533,70576979,1,0,0.5043658205,,,
-2534,1130123456,1,0,2.897993428,,,
2534,1130123456,1,0,0.2521331455,,,
-2537,1132800944,-1,1,6.575174743,,,
2537,70800059,-1,1,4.289948062,,,
-2539,70911731,1,0,0.2316110834,,,
2539,1134587696,1,2,146.5217003,,,
-2542,1137270464,1,0,0.1157371863,,,
2542,1137270464,1,0,2.265624766,,,
-2543,71135339,-1,1,2.935063867,,,
2543,1138165424,-1,1,6.682269679,,,
-2545,1139956400,1,0,1.416944658,,,
2545,71247275,1,0,0.1257938352,,,
-2546,1140852416,1,0,0.1156462336,,,
2546,1140852416,1,0,6.288456429,,,
-2549,1143542576,-1,1,20.64518292,,,
2549,71471411,-1,1,33.13862191,,,
-2551,71583611,-1,1,4.131930739,,,
2551,1145337776,-1,1,5.707675905,,,
-2553,1147134384,1,0,0.2598470577,,,
2553,71695899,1,0,0.1255965888,,,
-2554,1148033216,-1,1,13.255209,,,
2554,1148033216,-1,1,0.9802160666,,,
-2555,71808275,1,0,2.077962691,,,
2555,1148932400,1,0,0.251094844,,,
-2557,1150731824,1,0,0.02884930383,,,
2557,71920739,1,0,0.1254983129,,,
-2558,1151632064,-1,1,2.152841865,,,
2558,1151632064,-1,1,13.37641834,,,
-2559,72033291,-1,1,5.441745561,,,
2559,1152532656,-1,1,10.16248117,,,
-2561,1154334896,1,0,1.84491298,,,
2561,72145931,1,0,2.006404277,,,
-2562,1155236544,-1,1,4.609912904,,,
2562,1155236544,-1,1,18.88185021,,,
-2563,6568969,1,0,1.844193014,,,
2563,105103504,-1,1,3.837430491,,,
-2566,1158846656,1,0,0.4607786608,,,
2566,1158846656,1,0,1.002224263,,,
-2567,72484379,1,0,0.2303444508,,,
2567,1159750064,1,0,2.25456532,,,
-2569,1161557936,-1,1,7.313865637,,,
2569,72597371,-1,1,1.479577964,,,
-2570,1162462400,-1,1,19.98965574,,,
2570,1162462400,-1,1,15.36507717,,,
-2571,72710451,-1,1,49.28594667,,,
2571,1163367216,-1,1,16.51529024,,,
-2573,1165177904,-1,1,14.23741037,,,
2573,72823619,-1,1,14.82367478,,,
-2577,1168803504,1,0,6.465855734,,,
2577,73050219,1,0,1.125093334,,,
-2578,1169710784,1,0,4.137345003,,,
2578,1169710784,1,0,0.99988898,,,
-2579,73163651,1,0,0.2298079335,,,
2579,1170618416,1,2,140.6353099,,,
-2581,1172434736,-1,1,6.478785826,,,
2581,73277171,-1,1,23.5941344,,,
-2582,1173343424,-1,1,3.049547589,,,
2582,1173343424,-1,1,6.732201986,,,
-2585,106915600,1,2,59.38139692,,,
2585,6682225,-1,1,2.633670282,,,
-2586,1176981696,1,0,0.1147483456,,,
2586,1176981696,1,0,0.2495852908,,,
-2587,73618259,-1,1,10.2201666,,,
2587,1177892144,-1,1,8.552857433,,,
-2589,1179714096,1,0,1.032136597,,,
2589,73732131,1,0,7.98210066,,,
-2590,1180625600,1,0,9.287435908,,,
2590,1180625600,1,0,0.2493924864,,,
-2591,73846091,-1,1,4.738711116,,,
2591,1181537456,-1,1,19.97337044,,,
-2593,1183362224,-1,1,7.550684831,,,
2593,73960139,-1,1,0.54619654,,,
-2594,1184275136,1,0,4.124565529,,,
2594,1184275136,1,0,0.9968005125,,,
-2595,74074275,-1,1,25.61859281,,,
2595,1185188400,-1,1,9.837409027,,,
-2598,1187930304,-1,1,11.12325691,,,
2598,1187930304,-1,1,10.6353405,,,
-2599,74302811,1,0,1.430762557,,,
2599,1188844976,1,0,0.5601606863,,,
-2602,1191591104,-1,1,6.122745096,,,
2602,1191591104,-1,1,6.581139892,,,
-2603,74531699,-1,1,15.47494472,,,
2603,1192507184,-1,1,10.01864413,,,
-2605,1194340400,1,0,1.400531618,,,
2605,74646275,1,0,0.1243367146,,,
-2606,1195257536,-1,1,9.453298891,,,
2606,1195257536,-1,1,10.00854526,,,
-2607,6796449,1,0,0.4571409944,,,
2607,108743184,-1,1,9.401837143,,,
-2609,1198011056,-1,1,6.120543929,,,
2609,74875691,-1,1,12.4111247,,,
-2611,74990531,1,0,2.055558126,,,
2611,1199848496,1,0,0.2483875428,,,
-2613,1201687344,-1,1,15.28018631,,,
2613,75105459,-1,1,22.14473927,,,
-2614,1202607296,-1,1,11.35743868,,,
2614,1202607296,-1,1,9.402717729,,,
-2615,75220475,-1,1,4.513797695,,,
2615,1203527600,-1,1,2.149573208,,,
-2617,1205369264,-1,1,8.544559899,,,
2617,75335579,-1,1,4.747544985,,,
-2618,109662784,1,2,48.91319969,,,
2618,109662784,-1,1,9.154186159,,,
-2621,1209056816,1,0,0.4559184566,,,
2621,75566051,1,0,1.983305991,,,
-2622,1209979584,1,0,0.1139578768,,,
2622,1209979584,1,0,0.2478659687,,,
-2623,75681419,1,0,0.9114892156,,,
2623,1210902704,1,2,108.0039489,,,
-2626,1213674176,-1,1,25.7301276,,,
2626,1213674176,-1,1,7.700390773,,,
-2627,75912419,1,0,4.610899748,,,
2627,1214598704,1,0,0.06190749332,,,
-2629,110586256,1,0,2.048509135,,,
2629,6911641,-1,1,12.53356815,,,
-2630,1217374400,1,0,2.844610622,,,
2630,1217374400,1,0,2.227398292,,,
-2631,76143771,-1,1,5.430723152,,,
2631,1218300336,-1,1,15.5109058,,,
-2633,1220153264,1,0,0.02842989607,,,
2633,76259579,1,0,0.1236738333,,,
-2634,1221080256,1,0,1.819167926,,,
2634,1221080256,1,0,0.9892028369,,,
-2635,76375475,-1,1,32.52680293,,,
2635,1222007600,-1,1,8.841187387,,,
-2638,1224791744,1,0,2.840294063,,,
2638,1224791744,1,0,2.224018323,,,
-2639,76607531,-1,1,4.283345919,,,
2639,1225720496,-1,1,20.58823798,,,
-2641,1227579056,1,0,2.838680412,,,
2641,76723691,1,0,0.4939455102,,,
-2642,1228508864,-1,1,3.06266615,,,
2642,1228508864,-1,1,19.63314008,,,
-2643,76839939,1,0,1.418803086,,,
2643,1229439024,1,0,1.542995583,,,
-2647,77072699,-1,1,4.119085016,,,
2647,1233163184,-1,1,1.179964796,,,
-2649,1235027376,1,0,0.1133756301,,,
2649,77189211,1,0,1.972796347,,,
-2651,7027801,1,0,1.813325679,,,
2651,112444816,-1,1,17.39112626,,,
-2653,1238759984,-1,1,9.507576147,,,
2653,77422499,-1,1,23.07745976,,,
-2654,1239694016,1,0,1.019419045,,,
2654,1239694016,1,0,0.2463671434,,,
-2657,1242498224,-1,1,3.610137352,,,
2657,77656139,-1,1,1.421943207,,,
-2658,1243433664,-1,1,10.6030247,,,
2658,1243433664,-1,1,2.442328078,,,
-2659,77773091,-1,1,33.54494223,,,
2659,1244369456,-1,1,2.919797079,,,
-2661,1246242096,-1,1,29.78709751,,,
2661,77890131,-1,1,14.85881564,,,
-2663,78007259,1,0,0.05653860829,,,
2663,1248116144,1,0,0.5533885666,,,
-2665,1249991600,1,0,1.017313003,,,
2665,78124475,1,0,0.4917163352,,,
-2666,1250929856,1,0,0.4520543073,,,
2666,1250929856,1,0,0.9832482134,,,
-2667,78241779,1,0,2.033862974,,,
2667,1251868464,1,0,0.245765965,,,
-2669,1253746736,-1,1,15.07239853,,,
2669,78359171,-1,1,27.58740453,,,
-2670,1254686400,-1,1,2.641794011,,,
2670,1254686400,-1,1,19.95850184,,,
-2671,78476651,1,0,0.9032619915,,,
2671,1255626416,1,0,0.2455818706,,,
-2674,1258448576,1,0,1.015599553,,,
2674,1258448576,1,0,0.245444071,,,
-2677,1261273904,1,0,3.411629698,,,
2677,78829619,1,0,0.1226532516,,,
-2678,1262216384,1,2,73.73596732,,,
2678,1262216384,1,0,0.981042794,,,
-2679,78947451,-1,1,8.795330684,,,
2679,1263159216,-1,1,21.18111437,,,
-2681,1265045936,-1,1,19.41495806,,,
2681,79065371,-1,1,5.158352182,,,
-2683,79183379,-1,1,22.29841198,,,
2683,1266934064,-1,1,3.299046331,,,
-2685,1268823600,1,0,0.2533792615,,,
2685,79301475,1,0,3.06175979,,,
-2686,1269768896,-1,1,10.22398424,,,
2686,1269768896,-1,1,12.78348646,,,
-2687,79419659,1,0,0.5065698915,,,
2687,1270714544,1,0,1.530310053,,,
-2689,1272606896,1,0,1.378482892,,,
2689,79537931,1,0,0.1223792678,,,
-2690,1273553600,-1,1,20.21496072,,,
2690,1273553600,-1,1,12.43360597,,,
-2693,1276395824,1,0,0.02811140324,,,
2693,79774739,1,0,3.057208676,,,
-2694,1277343936,-1,1,14.41159362,,,
2694,1277343936,-1,1,13.66178131,,,
-2697,1280190384,-1,1,20.17277633,,,
2697,80011899,-1,1,1.105648022,,,
-2698,1281139904,1,0,0.1123413712,,,
2698,1281139904,1,0,2.199149651,,,
-2699,80130611,1,0,1.40400697,,,
2699,1282089776,1,0,0.06107617257,,,
-2701,1283990576,-1,1,17.89085435,,,
2701,80249411,-1,1,15.44922581,,,
-2702,1284941504,-1,1,4.4531748,,,
2702,1284941504,-1,1,7.231271091,,,
-2703,80368299,-1,1,7.824090695,,,
2703,1285892784,-1,1,13.79711187,,,
-2705,1287796400,-1,1,7.15137943,,,
2705,80487275,-1,1,9.065289986,,,
-2706,117158976,1,0,0.2243503712,,,
2706,117158976,-1,1,12.79884389,,,
-2707,80606339,1,0,0.05607723211,,,
2707,1289701424,1,0,0.06098585656,,,
-2710,1292561600,1,0,0.1120923689,,,
2710,1292561600,1,0,0.2438083648,,,
-2711,80844731,1,0,0.0560358467,,,
2711,1293515696,1,0,0.5484676368,,,
-2713,1295424944,-1,1,10.62885529,,,
2713,80964059,-1,1,2.89047185,,,
-2714,1296380096,-1,1,12.53089778,,,
2714,1296380096,-1,1,14.15844322,,,
-2715,81083475,1,0,0.05599455277,,,
2715,1297335600,1,0,1.522398501,,,
-2717,118113424,1,0,0.2238957601,,,
2717,7382089,-1,1,18.23543996,,,
-2719,81322571,-1,1,3.693806279,,,
2719,1301161136,-1,1,8.67859452,,,
-2721,1303076016,1,0,0.4474622616,,,
2721,81442251,1,0,0.4866301041,,,
-2722,1304033984,1,2,54.23729658,,,
2722,1304033984,1,0,0.9730814151,,,
-2723,81562019,-1,1,13.657697,,,
2723,1304992304,-1,1,14.68325812,,,
-2726,1307869376,1,0,0.447051708,,,
2726,1307869376,1,0,0.9723672268,,,
-2729,1310749616,1,2,62.14745882,,,
2729,81921851,1,0,1.943665233,,,
-2730,1311710400,-1,1,23.47584213,,,
2730,1311710400,-1,1,15.97372883,,,
-2731,82041971,1,0,0.2233211412,,,
2731,1312671536,1,2,89.44732894,,,
-2733,1314594864,1,0,1.00457736,,,
2733,82162179,1,0,7.768969378,,,
-2734,1315557056,-1,1,40.21775784,,,
2734,1315557056,-1,1,12.3243464,,,
-2735,82282475,-1,1,1.374052392,,,
2735,1316519600,-1,1,16.12704517,,,
-2737,1318445744,1,0,1.784609814,,,
2737,82402859,1,2,22.13181519,,,
-2739,7502121,1,0,4.013905814,,,
2739,120033936,-1,1,11.04802516,,,
-2741,1322302256,-1,1,15.96947857,,,
2741,82643891,-1,1,14.65095478,,,
-2742,1323267264,1,0,0.4457454913,,,
2742,1323267264,1,2,175.8241202,,,
-2743,82764539,1,2,23.9043771,,,
2743,1324232624,1,0,0.9693493751,,,
-2746,1327130816,-1,1,20.70431654,,,
2746,1327130816,-1,1,3.161176474,,,
-2747,83006099,-1,1,9.518980243,,,
2747,1328097584,-1,1,22.80199025,,,
-2749,1330032176,-1,1,13.70184518,,,
2749,83127011,-1,1,11.39928848,,,
-2751,83248011,1,2,36.3447368,,,
2751,1331968176,1,0,0.9679388987,,,
-2753,1333905584,1,0,2.252073782,,,
2753,83369099,1,0,0.1209484051,,,
-2755,83490275,1,0,2.001116608,,,
2755,1335844400,1,0,0.2418089914,,,
-2757,1337784624,-1,1,15.33374543,,,
2757,83611539,-1,1,24.60983473,,,
-2758,1338755264,-1,1,12.25772291,,,
2758,1338755264,-1,1,9.412342469,,,
-2759,83732891,1,0,0.499916368,,,
2759,1339726256,1,0,0.5436756909,,,
-2761,121969936,1,0,2.720780924,,,
2761,7623121,-1,1,4.64349856,,,
-2762,1342641344,1,0,0.1110321772,,,
2762,1342641344,1,0,0.2415023772,,,
-2765,1345559600,1,0,1.775550822,,,
2765,84097475,1,0,1.930970622,,,
-2766,1346533056,1,0,7.100919332,,,
2766,1346533056,1,2,121.0596025,,,
-2767,84219179,-1,1,3.555604228,,,
2767,1347506864,-1,1,2.532031576,,,
-2769,1349455536,-1,1,25.78913674,,,
2769,84340971,-1,1,1.246495636,,,
-2770,1350430400,1,0,3.991382135,,,
2770,1350430400,1,0,0.9646135406,,,
-2771,84462851,-1,1,16.55829821,,,
2771,1351405616,-1,1,10.92413739,,,
-2773,1353357104,1,0,3.989222491,,,
2773,84584819,1,0,0.4820458053,,,
-2774,1354333376,-1,1,5.469746246,,,
2774,1354333376,-1,1,17.00249964,,,
-2777,1357264304,1,2,21.67682925,,,
2777,84829019,1,0,1.92679404,,,
-2778,1358241984,-1,1,12.15528615,,,
2778,1358241984,-1,1,7.256014194,,,
-2779,84951251,-1,1,31.16966583,,,
2779,1359220016,-1,1,12.94846955,,,
-2782,1362156224,-1,1,12.25886633,,,
2782,1362156224,-1,1,8.773057386,,,
-2785,1365095600,-1,1,13.77333341,,,
2785,85318475,-1,1,5.211997504,,,
-2786,1366076096,1,0,0.4422115974,,,
2786,1366076096,1,0,3.847358656,,,
-2787,85441059,1,0,3.537058045,,,
2787,1367056944,1,0,0.9616670904,,,
-2789,1369019696,-1,1,3.744968104,,,
2789,85563731,-1,1,16.56951794,,,
-2791,85686491,-1,1,6.018436734,,,
2791,1370983856,-1,1,27.567082,,,
-2794,124902976,1,0,1.987101253,,,
2794,124902976,-1,1,12.43186265,,,
-2795,85932275,1,0,1.986745747,,,
2795,1374916400,1,0,0.2400724591,,,
-2797,1376884784,1,0,0.9930176532,,,
2797,86055299,1,0,0.4799732233,,,
-2798,1377869504,1,0,0.1103155762,,,
2798,1377869504,1,0,2.159493502,,,
-2801,1380825776,-1,1,9.146400663,,,
2801,86301611,-1,1,4.480363658,,,
-2802,1381811904,-1,1,9.969813563,,,
2802,1381811904,-1,1,6.354831972,,,
-2803,86424899,1,0,0.2204342834,,,
2803,1382798384,1,0,0.9589184829,,,
-2805,125888400,1,0,0.2203556831,,,
2805,7868025,-1,1,30.92496071,,,
-2806,1385759936,1,0,1.762531316,,,
2806,1385759936,1,2,79.1071631,,,
-2807,86671739,-1,1,3.629884928,,,
2807,1386747824,-1,1,16.58787617,,,
-2810,1389713600,1,2,65.15476548,,,
2810,1389713600,1,0,0.9577233556,,,
-2811,86918931,-1,1,53.70895254,,,
2811,1390702896,-1,1,8.888396693,,,
-2813,1392682544,-1,1,2.89338545,,,
2813,87042659,-1,1,1.777748108,,,
-2814,1393672896,1,0,2.750037747,,,
2814,1393672896,1,0,2.153345465,,,
-2815,87166475,-1,1,5.893376907,,,
2815,1394663600,-1,1,7.674868398,,,
-2818,1397637824,-1,1,12.03665129,,,
2818,1397637824,-1,1,9.960681334,,,
-2819,87414371,1,0,0.4945676082,,,
2819,1398629936,1,0,2.92834201,,,
-2821,1400615216,1,0,0.4394597873,,,
2821,87538451,1,0,7.646834351,,,
-2822,1401608384,-1,1,7.903756586,,,
2822,1401608384,-1,1,19.88755624,,,
-2823,87662619,-1,1,3.382553978,,,
2823,1402601904,-1,1,13.98089759,,,
-2827,7991929,1,0,0.4389931868,,,
2827,127870864,-1,1,4.133439144,,,
-2829,1408570416,-1,1,16.67786456,,,
2829,88035651,-1,1,20.96807919,,,
-2830,1409566400,1,2,162.0833262,,,
2830,1409566400,1,0,0.9543331738,,,
-2831,88160171,1,0,0.8773658884,,,
2831,1410562736,1,0,0.9541646084,,,
-2833,1412556464,-1,1,22.29587331,,,
2833,88284779,-1,1,2.757227004,,,
-2834,1413553856,-1,1,6.197465814,,,
2834,1413553856,-1,1,25.20344498,,,
-2837,1416548144,-1,1,2.206905645,,,
2837,88534259,-1,1,19.29626446,,,
-2838,128867904,1,2,70.78881459,,,
2838,128867904,-1,1,11.01282092,,,
-2839,88659131,1,0,0.2190322136,,,
2839,1418546096,1,0,0.2382048232,,,
-2841,1420545456,1,0,0.2463244911,,,
2841,88784091,1,0,0.1190604815,,,
-2843,88909139,1,2,139.3939708,,,
2843,1422546224,1,0,2.142334722,,,
-2845,1424548400,-1,1,10.15265983,,,
2845,89034275,-1,1,6.190977037,,,
-2846,1425550016,-1,1,12.19044149,,,
2846,1425550016,-1,1,25.0612353,,,
-2847,89159499,1,0,0.8748970382,,,
2847,1426551984,1,0,0.9514796517,,,
-2849,129868816,1,0,1.967827264,,,
2849,8116801,-1,1,2.833174584,,,
-2851,89410211,-1,1,53.93409922,,,
2851,1430563376,-1,1,6.847649478,,,
-2854,1433575616,1,0,0.1092279313,,,
2854,1433575616,1,0,0.2375780223,,,
-2855,89661275,-1,1,3.38965842,,,
2855,1434580400,-1,1,4.179820003,,,
-2857,1436591024,-1,1,3.778632341,,,
2857,89786939,-1,1,3.685024107,,,
-2858,1437596864,1,0,0.4366058717,,,
2858,1437596864,1,0,0.9496468374,,,
-2859,89912691,-1,1,33.77845794,,,
2859,1438603056,-1,1,34.62544013,,,
-2861,1440616496,1,0,0.2454620077,,,
2861,90038531,1,0,1.067792416,,,
-2863,90164459,1,0,0.872448913,,,
2863,1442631344,1,0,0.948817234,,,
-2865,1444647600,1,0,0.02725451063,,,
2865,90290475,1,0,0.1185607501,,,
-2866,1445656256,-1,1,4.657742804,,,
2866,1445656256,-1,1,9.141569315,,,
-2867,90416579,-1,1,11.33824723,,,
2867,1446665264,-1,1,5.548913656,,,
-2869,1448684336,1,2,126.7645773,,,
2869,90542771,1,0,1.895649148,,,
-2870,1449694400,-1,1,19.51309613,,,
2870,1449694400,-1,1,28.2738609,,,
-2874,1453738176,1,0,2.721180309,,,
2874,1453738176,1,0,0.2367499333,,,
-2877,1456774704,-1,1,11.23571848,,,
2877,91048419,-1,1,25.95193353,,,
-2878,1457787584,-1,1,7.030856193,,,
2878,1457787584,-1,3,328.9226222,,,
-2879,91175051,-1,1,4.286840661,,,
2879,1458800816,-1,1,7.470075665,,,
-2881,1460828336,-1,1,15.96453101,,,
2881,91301771,-1,1,2.807917591,,,
-2882,132894784,1,0,1.956528641,,,
2882,132894784,-1,1,19.30782952,,,
-2885,1464887600,1,0,1.330833955,,,
2885,91555475,1,0,2.95372699,,,
-2886,1465903296,1,0,2.715517077,,,
2886,1465903296,1,0,0.2362572169,,,
-2887,91682459,1,0,1.357523368,,,
2887,1466919344,1,0,2.893649626,,,
-2893,133911184,1,0,1.952805462,,,
2893,8369449,-1,1,7.898505392,,,
-2894,1474041536,1,0,0.9762340222,,,
2894,1474041536,1,0,2.12337399,,,
-2895,92191275,-1,1,10.51050736,,,
2895,1475060400,-1,1,10.92188129,,,
-2897,1477099184,1,0,1.734628302,,,
2897,92318699,1,2,45.93371715,,,
-2899,92446211,-1,1,19.1456352,,,
2899,1479139376,-1,1,6.171752202,,,
-2901,1481180976,-1,1,4.918357067,,,
2901,92573811,-1,1,41.2076517,,,
-2902,1482202304,1,0,0.9748874919,,,
2902,1482202304,1,0,0.2356050219,,,
-2903,92701499,-1,1,2.052656048,,,
2903,1483223984,-1,1,21.53371997,,,
-2905,1485268400,1,0,0.1082648864,,,
2905,92829275,1,0,0.4709666711,,,
-2906,1486291136,-1,1,13.59717493,,,
2906,1486291136,-1,1,6.444651174,,,
-2909,1489361456,1,0,0.6761901648,,,
2909,93085091,1,0,2.94151725,,,
-2910,1490385600,-1,1,11.00708172,,,
2910,1490385600,-1,1,3.543299952,,,
-2911,93213131,-1,1,1.571642314,,,
2911,1491410096,-1,1,11.03289879,,,
-2913,1493460144,1,0,3.270512622,,,
2913,93341259,1,0,0.1175798791,,,
-2914,1494485696,-1,1,16.97824858,,,
2914,1494485696,-1,1,9.358058741,,,
-2915,8497225,1,0,1.729264381,,,
2915,135955600,-1,1,25.10757635,,,
-2917,1497564464,-1,1,16.94747563,,,
2917,93597779,-1,1,9.070067589,,,
-2918,1498591424,1,0,0.1080234514,,,
2918,1498591424,1,0,0.2349581983,,,
-2919,93726171,1,2,32.43874768,,,
2919,1499618736,1,0,3.758687177,,,
-2921,1501674416,-1,1,18.28838427,,,
2921,93854651,-1,1,3.30638698,,,
-2922,1502702784,-1,1,9.428145871,,,
2922,1502702784,-1,1,18.31398154,,,
-2923,93983219,-1,1,20.62710088,,,
2923,1503731504,-1,1,8.599298112,,,
-2926,136983616,1,2,113.0555691,,,
2926,136983616,-1,1,12.18980243,,,
-2927,94240619,1,0,0.2157144944,,,
2927,1507849904,1,0,0.9383867723,,,
-2929,1509911216,1,2,150.2936477,,,
2929,94369451,1,0,1.87613268,,,
-2930,1510942400,1,0,0.9702181442,,,
2930,1510942400,1,0,2.110289055,,,
-2931,94498371,1,0,0.4850263102,,,
2931,1511973936,1,0,0.0586091397,,,
-2933,1514038064,-1,1,8.221294493,,,
2933,94627379,-1,1,18.41892495,,,
-2935,94756475,1,0,1.938782742,,,
2935,1516103600,1,2,82.05758362,,,
-2937,138015504,1,0,0.05383673628,,,
2937,8625969,-1,1,3.802085912,,,
-2938,1519204544,1,0,0.1076551467,,,
2938,1519204544,1,0,2.107414,,,
-2939,95014931,-1,1,20.22782785,,,
2939,1520238896,-1,1,28.31851027,,,
-2941,1522308656,1,0,6.886414419,,,
2941,95144291,1,0,1.872301227,,,
-2942,1523344064,1,2,67.34127667,,,
2942,1523344064,1,0,3.743965995,,,
-2945,1526452400,-1,1,9.883906705,,,
2945,95403275,-1,1,3.357585602,,,
-2946,1527489216,1,0,0.4300355043,,,
2946,1527489216,1,0,0.9353558509,,,
-2947,95532899,-1,1,37.67334507,,,
2947,1528526384,-1,1,7.613117706,,,
-2949,1530601776,1,0,0.02686354452,,,
2949,95662611,1,0,1.051739959,,,
-2951,95792411,1,0,0.2148355182,,,
2951,1532678576,1,0,0.2336407773,,,
-2953,1534756784,1,0,0.1073813772,,,
2953,95922299,1,0,0.4671232882,,,
-2954,1535796416,-1,1,4.325900059,,,
2954,1535796416,-1,1,11.65939912,,,
-2955,96052275,-1,1,40.94519829,,,
2955,1536836400,-1,1,20.79808869,,,
-2957,1538917424,1,0,0.241444629,,,
2957,96182339,1,0,2.917545232,,,
-2958,1539958464,-1,1,9.019837079,,,
2958,1539958464,-1,1,5.858410183,,,
-2959,8755681,1,2,25.62859695,,,
2959,140090896,-1,1,6.146207819,,,
-2962,1544126144,1,0,1.715489833,,,
2962,1544126144,1,2,48.85775671,,,
-2963,96573059,1,0,4.341600818,,,
2963,1545168944,1,0,4.721635408,,,
-2965,1547255600,-1,1,23.80248809,,,
2965,96703475,-1,1,21.65076099,,,
-2966,1548299456,-1,1,11.3885459,,,
2966,1548299456,-1,1,4.775575075,,,
-2967,96833979,-1,1,4.693861762,,,
2967,1549343664,-1,1,15.07053496,,,
-2969,1551433136,-1,1,20.38157058,,,
2969,96964571,-1,1,4.009755713,,,
-2971,97095251,1,0,0.4817501747,,,
2971,1553524016,1,0,0.05821326121,,,
-2973,1555616304,1,0,0.9631762113,,,
2973,97226019,1,0,7.448790691,,,
-2974,1556662976,1,0,0.4280063399,,,
2974,1556662976,1,0,0.9309422834,,,
-2977,1559805104,-1,1,9.387133359,,,
2977,97487819,-1,1,2.18588851,,,
-2978,1560853184,-1,1,6.452457647,,,
2978,1560853184,-1,1,22.83664741,,,
-2981,142181776,1,2,75.59427699,,,
2981,8886361,-1,1,38.67512914,,,
-2982,1565049024,1,0,0.1068579586,,,
2982,1565049024,1,0,0.232423174,,,
-2983,97881179,-1,1,3.580749442,,,
2983,1566098864,-1,1,0.9102779647,,,
-2985,1568199600,1,0,0.4272169907,,,
2985,98012475,1,0,0.4646126981,,,
-2986,1569250496,1,0,2.66965905,,,
2986,1569250496,1,0,5.806686163,,,
-2987,98143859,-1,1,23.58555248,,,
2987,1570301744,-1,1,13.99979919,,,
-2990,1573457600,1,0,2.667872727,,,
2990,1573457600,1,0,2.089008285,,,
-2991,98406891,-1,1,9.255902283,,,
2991,1574510256,-1,1,6.878576253,,,
-2993,1576616624,1,0,0.9599527209,,,
2993,98538539,1,0,0.4639913501,,,
-2994,1577670336,-1,1,15.57432555,,,
2994,1577670336,-1,1,30.48620378,,,
-2995,98670275,1,0,0.8530063546,,,
2995,1578724400,1,0,2.08726381,,,
-2998,1581888704,-1,1,7.731453361,,,
2998,1581888704,-1,1,5.949100758,,,
-2999,98934011,-1,1,3.412875904,,,
2999,1582944176,-1,1,28.18892539,,,
-3001,1585056176,1,0,0.6657446921,,,
3001,99066011,1,0,0.1158431221,,,
-3002,1586112704,-1,1,15.65086449,,,
3002,1586112704,-1,1,8.352538875,,,
-3003,9018009,1,0,6.814955131,,,
3003,144288144,-1,1,7.554795239,,,
-3005,1589284400,-1,1,6.749098548,,,
3005,99330275,-1,1,9.810821357,,,
-3007,99462539,1,0,1.330160331,,,
3007,1591400624,1,0,0.5207737093,,,
-3009,1593518256,-1,1,4.01275193,,,
3009,99594891,-1,1,8.797803235,,,
-3010,1594577600,-1,1,16.04438946,,,
3010,1594577600,-1,1,1.949994168,,,
-3011,99727331,-1,1,11.53940048,,,
3011,1595637296,-1,1,8.851133042,,,
-3013,1597757744,-1,1,12.58511046,,,
3013,99859859,-1,1,2.316943375,,,
-3014,145347136,1,0,0.212578366,,,
3014,145347136,-1,1,12.49783581,,,
-3017,1602002864,1,0,0.9561269227,,,
3017,100125179,1,0,0.4621421577,,,
-3018,1603065024,1,0,1.699499565,,,
3018,1603065024,1,2,59.85976534,,,
-3019,100257971,1,0,4.301145752,,,
3019,1604127536,1,0,0.5197376863,,,
-3021,1606253616,-1,1,26.20418612,,,
3021,100390851,-1,1,18.96198382,,,
-3022,1607317184,-1,1,8.014297429,,,
3022,1607317184,-1,1,3.849249431,,,
-3023,100523819,1,0,0.05306542217,,,
3023,1608381104,1,0,1.442760325,,,
-3026,1611574976,1,0,0.9547039964,,,
3026,1611574976,1,0,5.768179862,,,
-3027,100790019,-1,1,11.35231944,,,
3027,1612640304,-1,1,11.30073746,,,
-3029,1614772016,1,0,0.42410271,,,
3029,100923251,1,2,243.9878709,,,
-3030,1615838400,1,0,0.9540736206,,,
3030,1615838400,1,0,5.764371225,,,
-3031,101056571,-1,1,8.264102993,,,
3031,1616905136,-1,1,11.81933972,,,
-3034,1620107456,1,0,2.648456922,,,
3034,1620107456,1,0,0.2304228049,,,
-3035,101323475,-1,1,7.584440361,,,
3035,1621175600,-1,1,18.91809589,,,
-3037,1623312944,1,0,2.144190288,,,
3037,101457059,1,0,2.878862113,,,
-3039,101590731,1,0,0.05292554602,,,
3039,1625451696,1,0,0.5180246372,,,
-3041,1627591856,1,0,0.1058162783,,,
3041,101724491,1,0,0.4603148999,,,
-3043,101858339,-1,1,13.36559672,,,
3043,1629733424,-1,1,17.69020358,,,
-3045,1631876400,1,0,0.9517207844,,,
3045,101992275,1,0,11.50031148,,,
-3046,1632948416,-1,1,41.02386506,,,
3046,1632948416,-1,1,10.34854466,,,
-3047,9284209,1,0,0.4228481717,,,
3047,148547344,-1,1,8.445067233,,,
-3049,1636166576,-1,1,15.67221112,,,
3049,102260411,-1,1,3.316665774,,,
-3053,1640462384,-1,1,14.81200302,,,
3053,102528899,-1,1,10.70973112,,,
-3054,1641537216,-1,1,31.16209733,,,
3054,1641537216,-1,1,5.675258017,,,
-3055,102663275,-1,1,6.01521233,,,
3055,1642612400,-1,1,14.14517218,,,
-3057,1644763824,-1,1,3.219195753,,,
3057,102797739,-1,1,2.653434064,,,
-3058,149621824,1,0,0.2110434841,,,
3058,149621824,-1,1,13.99529088,,,
-3059,102932291,1,0,0.2110089858,,,
3059,1646916656,1,0,0.2294792959,,,
-3061,1649070896,1,0,0.6591876246,,,
3061,103066931,1,0,1.032319417,,,
-3062,1650148544,1,0,1.687244738,,,
3062,1650148544,1,0,3.669869631,,,
-3063,103201659,1,0,0.2108711615,,,
3063,1651226544,1,0,0.2293294074,,,
-3065,1653383600,-1,1,13.2977494,,,
3065,103336475,-1,1,8.797590076,,,
-3066,1654462656,-1,1,21.52030171,,,
3066,1654462656,-1,1,10.210244,,,
-3067,103471379,1,0,0.05268340173,,,
3067,1655542064,1,0,1.432373826,,,
-3070,1658782400,1,0,2.632882718,,,
3070,1658782400,1,0,0.2290678077,,,
-3071,103741451,-1,1,1.839566925,,,
3071,1659863216,-1,1,35.98728991,,,
-3073,1662025904,1,0,0.1052638894,,,
3073,103876619,1,0,0.4579119346,,,
-3074,1663107776,1,0,0.4209870655,,,
3074,1663107776,1,0,0.9156748941,,,
-3077,1666355504,-1,1,8.693668274,,,
3077,104147219,-1,1,19.58554752,,,
-3079,104282651,-1,1,1.97084653,,,
3079,1668522416,-1,1,8.907917392,,,
-3081,1670690736,1,0,5.151229792,,,
3081,104418171,1,0,0.4573170503,,,
-3082,1671775424,-1,1,14.30754451,,,
3082,1671775424,-1,1,9.477025448,,,
-3083,104553779,1,0,0.05254651705,,,
3083,1672860464,1,0,0.0571460864,,,
-3085,1675031600,1,0,0.9455306648,,,
3085,104689475,1,0,4.113184287,,,
-3086,1676117696,-1,1,8.178290296,,,
3086,1676117696,-1,1,14.31219264,,,
-3089,1679378096,1,0,0.6561932461,,,
3089,104961131,1,0,1.027630077,,,
-3090,1680465600,-1,1,18.01671616,,,
3090,1680465600,-1,1,15.77134858,,,
-3091,9554281,1,0,10.49569472,,,
3091,152868496,-1,1,1.220863008,,,
-3093,1683730224,-1,1,13.15094231,,,
3093,105233139,-1,1,14.65834336,,,
-3094,1684819136,1,0,3.776617828,,,
3094,1684819136,1,0,0.9127105778,,,
-3095,105369275,1,0,0.05244455088,,,
3095,1685908400,1,0,4.619850778,,,
-3097,1688087984,-1,1,21.76933443,,,
3097,105505499,-1,1,6.618592415,,,
-3098,1689178304,-1,1,10.2418817,,,
3098,1689178304,-1,1,10.5918314,,,
-3099,105641811,-1,1,29.3449725,,,
3099,1690268976,-1,1,14.97094941,,,
-3101,1692451376,-1,1,4.781476646,,,
3101,105778211,-1,1,27.98137961,,,
-3102,153958464,1,0,0.8381655047,,,
3102,153958464,-1,1,4.920521934,,,
-3103,105914699,1,2,45.24006516,,,
3103,1694635184,1,2,56.30860225,,,
-3106,1697913536,1,0,0.4188128117,,,
3106,1697913536,1,0,0.9109457475,,,
-3107,106187939,1,0,0.8374908161,,,
3107,1699007024,1,0,0.91079914,,,
-3109,1701195056,-1,1,7.505326186,,,
3109,106324691,-1,1,8.543978502,,,
-3110,1702289600,-1,1,12.32316065,,,
3110,1702289600,-1,1,20.83465431,,,
-3111,106461531,1,0,0.8369522368,,,
3111,1703384496,1,0,3.640853668,,,
-3113,155052304,1,0,0.8366833364,,,
3113,9690769,-1,1,1.704973556,,,
-3115,106735475,-1,1,31.75170572,,,
3115,1707767600,-1,1,7.920701641,,,
-3117,1709961264,1,0,0.6532393066,,,
3117,106872579,1,0,1.023004066,,,
-3118,1711058624,1,2,61.15667388,,,
3118,1711058624,1,2,70.50763559,,,
-3119,107009771,-1,1,5.340377171,,,
3119,1712156336,-1,1,15.69854399,,,
-3121,1714352816,-1,1,23.76483814,,,
3121,107147051,-1,1,2.801880914,,,
-3122,1715451584,1,0,0.9399110448,,,
3122,1715451584,1,0,0.2271521218,,,
-3126,1719850176,-1,1,17.95449712,,,
3126,1719850176,-1,1,6.83063829,,,
-3127,107559419,1,0,0.2087020658,,,
3127,1720950704,1,0,0.2269704436,,,
-3129,1723152816,1,0,0.4172707118,,,
3129,107697051,1,2,51.30271,,,
-3130,1724254400,-1,1,25.76461134,,,
3130,1724254400,-1,1,9.176937218,,,
-3131,107834771,-1,1,29.15622817,,,
3131,1725356336,-1,1,3.367652467,,,
-3133,1727561264,1,0,2.606276596,,,
3133,107972579,1,0,4.081554076,,,
-3134,1728664256,-1,1,11.37838367,,,
3134,1728664256,-1,1,11.12877197,,,
-3135,9828225,1,2,23.48577147,,,
3135,157251600,-1,1,19.61955071,,,
-3137,1731975344,-1,1,2.398044455,,,
3137,108248459,-1,1,2.20450143,,,
-3138,1733079744,1,0,0.1041679754,,,
3138,1733079744,1,0,2.039150532,,,
-3139,108386531,1,2,114.9371219,,,
3139,1734184496,1,0,3.624579017,,,
-3142,1737500864,-1,1,13.13284202,,,
3142,1737500864,-1,1,14.06734448,,,
-3143,108662939,-1,1,3.077116322,,,
3143,1738607024,-1,1,2.297616706,,,
-3145,1740820400,-1,1,35.13224881,,,
3145,108801275,-1,1,4.075580511,,,
-3147,108939699,1,0,1.300236444,,,
3147,1743035184,1,0,1.414050413,,,
-3149,1745251376,1,0,0.1039858779,,,
3149,109078211,1,0,1.809409657,,,
-3151,109216811,1,0,0.05197643586,,,
3151,1747468976,1,0,0.05652610413,,,
-3153,1749687984,-1,1,9.009115358,,,
3153,109355499,-1,1,1.099497136,,,
-3154,1750798016,-1,1,19.16033422,,,
3154,1750798016,-1,1,1.61630096,,,
-3155,109494275,1,0,1.29858692,,,
3155,1751908400,1,0,0.05649026006,,,
-3157,159466384,1,0,1.869372747,,,
3157,9966649,-1,1,12.55698354,,,
-3158,1755241664,1,0,0.4153503889,,,
3158,1755241664,1,0,0.9034147472,,,
-3161,1758578096,1,0,0.1037883111,,,
3161,109911131,1,0,0.4514929725,,,
-3162,1759690944,1,0,2.59429745,,,
3162,1759690944,1,0,2.03139708,,,
-3163,110050259,-1,1,14.72967637,,,
3163,1760804144,-1,1,15.35035179,,,
-3165,1763031600,-1,1,6.81882555,,,
3165,110189475,-1,1,12.56265052,,,
-3166,1764145856,1,0,0.4148252934,,,
3166,1764145856,1,2,65.0781909,,,
-3167,110328779,-1,1,1.322209433,,,
3167,1765260464,-1,1,10.93220875,,,
-3169,1767490736,1,0,0.2332287536,,,
3169,110468171,1,0,0.1127306813,,,
-3170,1768606400,-1,1,2.064518086,,,
3170,1768606400,-1,1,15.63941136,,,
-3171,110607651,1,0,3.315984946,,,
3171,1769722416,1,0,3.606244007,,,
-3173,1771955504,1,0,2.589796655,,,
3173,110747219,1,0,0.4506384109,,,
-3178,1777544384,-1,1,5.73773707,,,
3178,1777544384,-1,1,4.857183833,,,
-3181,1780901936,-1,1,12.97801818,,,
3181,111306371,-1,1,27.88684583,,,
-3182,1782021824,1,0,0.4137810493,,,
3182,1782021824,1,0,0.9000013292,,,
-3183,111446379,1,0,0.4654305513,,,
3183,1783142064,1,0,0.05624124636,,,
-3187,111726659,-1,1,26.05421147,,,
3187,1787626544,-1,1,5.264542555,,,
-3189,1789870896,-1,1,16.66099873,,,
3189,111866931,-1,1,23.26287553,,,
-3190,162817600,1,0,0.8265237518,,,
3190,162817600,-1,1,10.13115467,,,
-3191,112007291,1,0,0.2065985583,,,
3191,1792116656,1,2,172.7264421,,,
-3193,1794363824,1,0,0.1032669223,,,
3193,112147739,1,2,16.1227659,,,
-3194,1795487936,1,0,1.652012084,,,
3194,1795487936,1,0,3.593236263,,,
-3197,1798862384,-1,1,3.58152303,,,
3197,112428899,-1,1,20.56310434,,,
-3198,1799987904,-1,1,4.085126477,,,
3198,1799987904,-1,1,10.44793652,,,
-3199,112569611,1,0,0.8253602705,,,
3199,1801113776,1,0,3.590427071,,,
-3201,163942416,1,0,0.464120092,,,
3201,10246401,-1,1,5.513954067,,,
-3202,1804493504,1,0,0.1031216917,,,
3202,1804493504,1,0,2.018668903,,,
-3203,112851299,-1,1,6.319134197,,,
3203,1805620784,-1,1,10.23473955,,,
-3205,1807876400,1,0,0.2319151895,,,
3205,112992275,1,0,0.1120957726,,,
-3206,1809004736,1,0,2.576433531,,,
3206,1809004736,1,0,0.2241565781,,,
-3207,113133339,-1,1,6.923580935,,,
3207,1810133424,-1,1,8.679006197,,,
-3209,1812391856,-1,1,10.53137217,,,
3209,113274491,-1,1,2.844408297,,,
-3210,1813521600,1,0,0.9269379992,,,
3210,1813521600,1,0,2.016151858,,,
-3214,1818044096,-1,1,16.35793139,,,
3214,1818044096,-1,1,12.94243026,,,
-3215,113698475,1,0,1.286412399,,,
3215,1819175600,1,0,0.05596065218,,,
-3217,1821439664,1,0,1.260292208,,,
3217,113839979,1,0,0.1118865084,,,
-3218,1822572224,-1,1,3.121953765,,,
3218,1822572224,-1,1,11.80110243,,,
-3219,113981571,-1,1,19.78710569,,,
3219,1823705136,-1,1,10.58429894,,,
-3221,1825972016,1,0,0.02570427383,,,
3221,114123251,1,0,9.057178104,,,
-3223,10387729,1,2,27.45201557,,,
3223,166203664,-1,1,3.59431183,,,
-3226,1831645376,1,0,0.9246364737,,,
3226,1831645376,1,0,2.011145887,,,
-3227,114548819,1,0,0.2054429326,,,
3227,1832781104,1,0,0.2234260278,,,
-3229,1835053616,-1,1,22.78154563,,,
3229,114690851,-1,1,6.067257597,,,
-3230,1836190400,-1,1,5.21244861,,,
3230,1836190400,-1,1,18.93654443,,,
-3233,1839602864,-1,1,6.946131047,,,
3233,114975179,-1,1,8.287138258,,,
-3235,115117475,1,0,2.513562189,,,
3235,1841879600,1,0,0.5020865907,,,
-3237,1844157744,1,0,0.9230640831,,,
3237,115259859,1,0,4.015451665,,,
-3238,1845297344,1,0,0.4101873493,,,
3238,1845297344,1,2,71.31014858,,,
-3239,115402331,1,2,21.37009847,,,
3239,1846437296,1,0,0.8920470564,,,
-3241,1848718256,-1,1,26.0663113,,,
3241,115544891,-1,1,1.49869702,,,
-3242,1849859264,-1,1,8.168398916,,,
3242,1849859264,-1,1,3.913198154,,,
-3243,115687539,1,0,1.844419579,,,
3243,1851000624,1,0,0.8914967497,,,
-3245,168480400,1,0,0.4609627758,,,
3245,10530025,-1,1,16.43469277,,,
-3246,1854426816,1,0,0.9217835311,,,
3246,1854426816,1,0,5.569279296,,,
-3247,115973099,-1,1,4.029265634,,,
3247,1855569584,-1,1,15.68386839,,,
-3251,116259011,-1,1,15.42428623,,,
3251,1860144176,-1,1,24.22581939,,,
-3253,1862433584,-1,1,26.03538607,,,
3253,116402099,-1,1,18.7290012,,,
-3254,1863578816,1,0,0.9206497256,,,
3254,1863578816,1,0,5.562429012,,,
-3255,116545275,-1,1,3.989100034,,,
3255,1864724400,-1,1,13.56044409,,,
-3257,1867016624,1,0,0.1022472918,,,
3257,116688539,1,0,0.4447893331,,,
-3259,116831891,1,0,0.2044318263,,,
3259,1869310256,1,0,3.557222655,,,
-3261,1871605296,1,0,3.678644281,,,
3261,116975331,1,0,0.4445164562,,,
-3262,1872753344,-1,1,6.556197297,,,
3262,1872753344,-1,1,9.673516101,,,
-3263,117118859,-1,1,2.228763287,,,
3263,1873901744,-1,1,9.532283157,,,
-3265,1876199600,1,0,0.2297743881,,,
3265,117262475,1,0,0.1110610202,,,
-3266,1877349056,-1,1,15.315049,,,
3266,1877349056,-1,1,16.90330956,,,
-3269,1880799536,-1,1,16.45717209,,,
3269,117549971,-1,1,21.06911295,,,
-3270,1881950400,1,0,1.632701528,,,
3270,1881950400,1,0,0.8878086297,,,
-3271,117693851,1,0,0.05101412303,,,
3271,1883101616,1,0,0.05547955689,,,
-3273,1885405104,-1,1,13.46876671,,,
3273,117837819,-1,1,4.231720527,,,
-3274,1886557376,-1,1,2.429158029,,,
3274,1886557376,-1,1,10.36418332,,,
-3277,1890016304,-1,1,22.85070859,,,
3277,118126019,-1,1,13.6096842,,,
-3278,171924544,1,0,1.834546496,,,
3278,171924544,-1,1,3.672439878,,,
-3279,118270251,1,0,0.05095185371,,,
3279,1892324016,1,0,0.4987065324,,,
-3281,1894633136,1,0,2.546816099,,,
3281,118414571,1,0,0.4431595652,,,
-3282,1895788224,1,2,82.06458835,,,
3282,1895788224,1,2,92.45475883,,,
-3286,1900412096,-1,1,17.97871785,,,
3286,1900412096,-1,1,15.49870215,,,
-3287,118848059,1,0,0.2035592474,,,
3287,1901568944,1,0,0.2213774574,,,
-3289,173080336,1,0,3.255957553,,,
3289,10817521,-1,1,2.692156991,,,
-3290,1905041600,1,0,1.627731345,,,
3290,1905041600,1,0,0.8851060096,,,
-3291,119137491,-1,1,39.95308848,,,
3291,1906199856,-1,1,19.74122904,,,
-3293,1908517424,1,0,0.2287954301,,,
3293,119282339,1,0,8.957615259,,,
-3295,119427275,-1,1,2.520967177,,,
3295,1910836400,-1,1,15.53699529,,,
-3297,1913156784,-1,1,9.829812591,,,
3297,119572299,-1,1,4.115371844,,,
-3298,1914317504,1,0,0.1016097464,,,
3298,1914317504,1,0,0.2210079629,,,
-3299,119717411,-1,1,24.41615873,,,
3299,1915478576,-1,1,16.25557858,,,
-3301,1917801776,1,0,4.291060562,,,
3301,119862611,1,0,2.761343904,,,
-3302,1918963904,-1,1,3.438074584,,,
3302,1918963904,-1,1,13.85376964,,,
-3305,1922452400,1,0,2.05541721,,,
3305,120153275,1,0,0.1103868955,,,
-3306,1923615936,-1,1,22.08385002,,,
3306,1923615936,-1,1,13.39979561,,,
-3307,120298739,-1,1,10.55942798,,,
3307,1924779824,-1,1,5.041427674,,,
-3309,1927108656,1,0,3.068581683,,,
3309,120444291,1,0,0.1103201562,,,
-3310,1928273600,-1,1,13.66923702,,,
3310,1928273600,-1,1,13.56201235,,,
-3311,10962721,1,0,0.4056402987,,,
3311,175403536,-1,1,14.65375207,,,
-3313,1931770544,-1,1,14.15632743,,,
3313,120735659,-1,1,0.9628846596,,,
-3314,1932936896,1,0,0.1013641635,,,
3314,1932936896,1,0,1.984264235,,,
-3315,120881475,1,0,1.824279726,,,
3315,1934103600,1,0,0.2204405474,,,
-3317,1936438064,-1,1,2.920859928,,,
3317,121027379,-1,1,19.62493456,,,
-3318,1937605824,-1,1,17.17043039,,,
3318,1937605824,-1,1,25.84332741,,,
-3319,121173371,-1,1,8.60848962,,,
3319,1938773936,-1,1,12.05925146,,,
-3322,176570944,1,0,0.8099363039,,,
3322,176570944,-1,1,2.857357219,,,
-3323,121465619,1,0,0.8098144265,,,
3323,1943449904,1,0,0.2201750362,,,
-3326,1946960576,1,0,0.4047245621,,,
3326,1946960576,1,0,0.8803028665,,,
-3327,121758219,1,0,0.2023318666,,,
3327,1948131504,1,0,0.2200426399,,,
-3329,1950474416,-1,1,15.06815644,,,
3329,121904651,-1,1,3.656839769,,,
-3331,122051171,1,0,1.263814662,,,
3331,1952818736,1,0,2.693903407,,,
-3333,177742224,1,0,0.2021496677,,,
3333,11108889,-1,1,19.50882174,,,
-3334,1956337856,1,0,2.526491863,,,
3334,1956337856,1,0,0.21981152,,,
-3335,122344475,-1,1,3.256298004,,,
3335,1957511600,-1,1,23.59849449,,,
-3337,1959860144,1,0,1.616227799,,,
3337,122491259,1,0,0.4394253826,,,
-3338,1961034944,1,0,2.524977633,,,
3338,1961034944,1,0,0.219679778,,,
-3341,1964561456,-1,1,13.82264531,,,
3341,122785091,-1,1,14.56291658,,,
-3342,1965737664,1,0,0.1009386449,,,
3342,1965737664,1,0,1.975934453,,,
-3343,122932139,-1,1,7.247185522,,,
3343,1966914224,-1,1,4.4848828,,,
-3345,1969268400,1,0,0.6305835675,,,
3345,123079275,1,0,0.9875240925,,,
-3346,1970446016,-1,1,16.0919673,,,
3346,1970446016,-1,1,8.131828983,,,
-3347,123226499,1,0,0.4538844985,,,
3347,1971623984,1,0,0.05484605561,,,
-3349,1973980976,1,0,0.9074978997,,,
3349,123373811,1,0,0.4386374105,,,
-3351,123521211,-1,1,8.170580894,,,
3351,1976339376,-1,1,17.98058094,,,
-3353,1978699184,1,2,30.77220359,,,
3353,123668699,1,0,1.753502775,,,
-3354,1979879616,-1,1,18.48686496,,,
3354,1979879616,-1,1,8.151871895,,,
-3355,11256025,1,0,6.447545337,,,
3355,180096400,-1,1,11.13817556,,,
-3358,1984604864,1,0,0.9062809609,,,
3358,1984604864,1,0,1.971221424,,,
-3359,124111691,1,0,0.4530730237,,,
3359,1985787056,1,0,0.4927319947,,,
-3361,1988152496,-1,1,1.222089182,,,
3361,124259531,-1,1,1.811293164,,,
-3363,124407459,-1,1,20.80535718,,,
3363,1990519344,-1,1,6.125337406,,,
-3365,1992887600,-1,1,3.893057502,,,
3365,124555475,-1,1,27.74739876,,,
-3367,124703579,1,2,37.3737654,,,
3367,1995257264,1,0,0.8749267207,,,
-3369,1997628336,1,0,4.926134524,,,
3369,124851771,1,2,33.01787789,,,
-3370,1998814400,1,0,0.1005184406,,,
3370,1998814400,1,0,0.2186343002,,,
-3371,125000051,1,0,8.492548301,,,
3371,2000000816,1,0,0.4918542054,,,
-3373,2002374704,-1,1,3.037850996,,,
3373,125148419,-1,1,15.10311589,,,
-3374,2003562176,-1,1,8.878277173,,,
3374,2003562176,-1,1,23.46923945,,,
-3377,182466064,1,0,3.213254622,,,
3377,11404129,-1,1,5.679988607,,,
-3378,2008315584,1,0,1.606389486,,,
3378,2008315584,1,0,0.8735010188,,,
-3379,125594051,-1,1,23.79570811,,,
3379,2009504816,-1,1,14.18581451,,,
-3382,2013074624,1,0,2.508498814,,,
3382,2013074624,1,0,0.2182460768,,,
-3383,125891579,-1,1,3.807554448,,,
3383,2014265264,-1,1,14.610276,,,
-3385,2016647600,-1,1,11.3399073,,,
3385,126040475,-1,1,0.6823613543,,,
-3386,2017839296,1,0,0.1002806675,,,
3386,2017839296,1,0,0.2181171278,,,
-3387,126189459,-1,1,5.880537127,,,
3387,2019031344,-1,1,6.575376253,,,
-3389,2021416496,1,0,0.6264767037,,,
3389,126338531,1,0,0.9810925469,,,
-3390,2022609600,-1,1,36.55773581,,,
3390,2022609600,-1,1,17.62123364,,,
-3391,126487691,1,0,0.8016536698,,,
3391,2023803056,1,0,0.2179562626,,,
-3394,2027385536,-1,1,32.78051958,,,
3394,2027385536,-1,1,6.253859868,,,
-3395,126786275,-1,1,14.33674674,,,
3395,2028580400,-1,1,12.09071723,,,
-3397,2030971184,1,0,2.502954346,,,
3397,126935699,1,0,3.91974648,,,
-3398,2032167104,-1,1,2.358231043,,,
3398,2032167104,-1,1,9.023428416,,,
-3399,11553201,1,2,29.96226498,,,
3399,184851216,-1,1,7.480169937,,,
-3401,2035756976,-1,1,7.189186391,,,
3401,127234811,-1,1,2.884746302,,,
-3403,127384499,1,0,1.800537718,,,
3403,2038151984,1,0,0.2175716336,,,
-3405,2040548400,-1,1,9.649101605,,,
3405,127534275,-1,1,31.36745837,,,
-3406,2041747136,-1,1,38.15074175,,,
3406,2041747136,-1,1,1.166494984,,,
-3407,127684139,-1,1,3.222617334,,,
3407,2042946224,-1,1,9.802629753,,,
-3409,2045345456,-1,1,6.510966409,,,
3409,127834091,-1,1,3.955709381,,,
-3410,186049600,1,0,4.996357526,,,
3410,186049600,-1,1,5.84320666,,,
-3413,2050148144,1,0,3.021467504,,,
3413,128134259,1,0,0.1086263301,,,
-3414,2051349696,1,0,3.595269374,,,
3414,2051349696,1,0,3.47553344,,,
-3415,128284475,1,0,1.797371471,,,
3415,2052551600,1,0,0.8687561349,,,
-3417,2054956464,-1,1,14.00254875,,,
3417,128434779,-1,1,2.3226289,,,
-3418,2056159424,-1,1,24.91396899,,,
3418,2056159424,-1,1,4.386413888,,,
-3419,128585171,1,0,0.7983643384,,,
3419,2057362736,1,0,3.472991172,,,
-3421,187251856,1,0,0.7981309327,,,
3421,11703241,-1,1,11.00273484,,,
-3422,2060974784,1,0,0.3990071533,,,
3422,2060974784,1,0,3.471468487,,,
-3423,128886219,-1,1,4.93691676,,,
3423,2062179504,-1,1,13.52743194,,,
-3426,2065795776,1,0,0.3987741564,,,
3426,2065795776,1,0,3.469441352,,,
-3427,129187619,-1,1,28.41237082,,,
3427,2067001904,-1,1,2.845543384,,,
-3431,129489371,-1,1,9.397666404,,,
3431,2071829936,-1,1,17.54529979,,,
-3433,2074246064,1,0,1.593469568,,,
3433,129640379,1,2,26.82361831,,,
-3434,2075454656,-1,1,2.589067145,,,
3434,2075454656,-1,1,8.821944155,,,
-3435,129791475,1,0,2.439289838,,,
3435,2076663600,1,0,4.385255521,,,
-3437,2079082544,1,0,0.8958049054,,,
3437,129942659,1,0,0.4329856236,,,
-3439,130093931,-1,1,7.708750313,,,
3439,2081502896,-1,1,1.945705557,,,
-3441,2083924656,1,0,0.6217250615,,,
3441,130245291,1,0,0.1081834719,,,
-3442,2085136064,-1,1,3.138293564,,,
3442,2085136064,-1,1,7.031134278,,,
-3443,11854249,1,0,0.09944711339,,,
3443,189667984,-1,1,16.26729823,,,
-3445,2088772400,-1,1,7.62968012,,,
3445,130548275,-1,1,16.78970949,,,
-3446,2089985216,1,0,0.3976152636,,,
3446,2089985216,1,0,0.8648396691,,,
-3449,2093625776,-1,1,5.218764006,,,
3449,130851611,-1,1,8.740260217,,,
-3451,131003411,-1,1,23.14554627,,,
3451,2096054576,-1,1,9.312042293,,,
-3453,2098484784,-1,1,10.72492494,,,
3453,131155299,-1,1,10.64005715,,,
-3454,190881856,1,0,1.787195373,,,
3454,190881856,-1,1,9.481708661,,,
-3455,131307275,1,0,0.04963713098,,,
3455,2100916400,1,0,0.4858382899,,,
-3457,2103349424,1,0,2.009722204,,,
3457,131459339,1,0,0.1079328293,,,
-3458,2104566464,1,2,68.53524481,,,
3458,2104566464,1,0,3.453351102,,,
-3459,131611491,1,0,6.002619111,,,
3459,2105783856,1,0,2.643589723,,,
-3461,2108219696,-1,1,12.51531243,,,
3461,131763731,-1,1,51.18459927,,,
-3462,2109438144,-1,1,32.06563359,,,
3462,2109438144,-1,1,10.05066397,,,
-3463,131916059,1,0,0.1983190543,,,
3463,2110656944,1,0,3.450857168,,,
-3466,2114315456,1,0,3.568197746,,,
3466,2114315456,1,0,0.8623408494,,,
-3467,132220979,-1,1,24.61812566,,,
3467,2115535664,-1,1,12.34132714,,,
-3469,2117977136,1,0,0.6192108539,,,
3469,132373571,1,0,0.1077459864,,,
-3470,2119198400,1,0,0.09905945985,,,
3470,2119198400,1,0,1.939148279,,,
-3471,132526251,-1,1,8.413190707,,,
3471,2120420016,-1,1,15.65459784,,,
-3473,2122864304,-1,1,4.803906966,,,
3473,132679019,-1,1,5.636408289,,,
-3477,2127757104,1,0,0.8906372539,,,
3477,132984819,1,0,3.874390641,,,
-3478,2128981184,-1,1,16.42485808,,,
3478,2128981184,-1,1,6.545091352,,,
-3482,2133881024,-1,1,5.811250037,,,
3482,2133881024,-1,1,18.10063989,,,
-3485,2137559600,1,0,0.3953841842,,,
3485,133597475,1,0,6.879895382,,,
-3486,2138786496,-1,1,4.168497434,,,
3486,2138786496,-1,1,19.66634691,,,
-3487,12159169,1,0,0.8893592546,,,
3487,194546704,-1,1,4.992226626,,,
-3489,2142469296,-1,1,9.741517247,,,
3489,133904331,-1,1,4.021290408,,,
-3490,2143697600,1,0,2.469380351,,,
3490,2143697600,1,0,0.2148426664,,,
-3491,134057891,1,0,0.04938053295,,,
3491,2144926256,1,0,2.631445692,,,
-3493,2147384624,-1,1,21.0745468,,,
3493,134211539,-1,1,16.50138263,,,
-3494,2148614336,-1,1,12.8471246,,,
3494,2148614336,-1,1,2.368307113,,,
-3495,134365275,-1,1,5.140059484,,,
3495,2149844400,-1,1,10.37296321,,,
-3497,2152305584,-1,1,11.66708924,,,
3497,134519099,-1,1,3.533577462,,,
-3498,195776064,1,2,83.10387598,,,
3498,195776064,-1,1,7.200998802,,,
-3499,134673011,1,0,7.102663146,,,
3499,2154768176,1,0,0.2145661832,,,
-3502,2158464704,1,0,1.577693385,,,
3502,2158464704,1,0,0.8578970365,,,
-3503,134981099,1,0,0.04929588055,,,
3503,2159697584,1,0,1.340272775,,,
-3505,2162164400,-1,1,2.493713059,,,
3505,135135275,-1,1,5.355344751,,,
-3506,2163398336,-1,1,11.35743898,,,
3506,2163398336,-1,1,16.38667581,,,
-3507,135289539,1,0,1.773639348,,,
3507,2164632624,1,0,1.92889183,,,
-3511,135598331,-1,1,10.90251312,,,
3511,2169573296,-1,1,11.65647559,,,
-3513,2172045744,1,0,1.206028877,,,
3513,135752859,1,0,2.676727651,,,
-3514,2173282496,1,0,0.09843732748,,,
3514,2173282496,1,0,0.2141077406,,,
-3515,135907475,-1,1,19.33673828,,,
3515,2174519600,-1,1,6.410046131,,,
-3517,2176994864,-1,1,2.973415973,,,
3517,136062179,-1,1,7.864408016,,,
-3518,2178233024,1,0,0.8854321452,,,
3518,2178233024,1,0,0.2139859847,,,
-3521,2181949616,1,0,0.09833942857,,,
3521,136371851,1,0,0.4277896079,,,
-3522,2183189184,-1,1,14.18091219,,,
3522,2183189184,-1,1,13.65350343,,,
-3523,136526819,1,0,3.145968354,,,
3523,2184429104,1,0,0.8553363261,,,
-3526,2188150976,-1,1,19.89783928,,,
3526,2188150976,-1,1,23.22692939,,,
-3527,136837019,-1,1,2.519077509,,,
3527,2189392304,-1,1,1.924909577,,,
-3529,2191876016,1,0,0.02455697524,,,
3529,136992251,1,0,0.106826112,,,
-3530,2193118400,-1,1,9.137944434,,,
3530,2193118400,-1,1,2.220364283,,,
-3531,12467961,1,0,3.535202819,,,
3531,199487376,-1,1,14.04815401,,,
-3533,2196847664,-1,1,12.88314706,,,
3533,137302979,-1,1,42.49727476,,,
-3534,2198091456,1,0,0.09815838862,,,
3534,2198091456,1,0,0.21350103,,,
-3535,137458475,1,0,1.766601069,,,
3535,2199335600,1,0,0.2134708297,,,
-3538,2203070144,-1,1,7.679035569,,,
3538,2203070144,-1,1,7.377737969,,,
-3539,137769731,-1,1,36.0064336,,,
3539,2204315696,-1,1,22.38418953,,,
-3541,2206807856,-1,1,6.524206778,,,
3541,137925491,-1,1,30.65164862,,,
-3542,200732224,1,0,0.1960949503,,,
3542,200732224,-1,1,13.12050545,,,
-3543,138081339,1,0,0.7842690991,,,
3543,2209301424,1,2,94.165117,,,
-3545,2211796400,1,0,0.02450149486,,,
3545,138237275,1,0,0.1065847649,,,
-3547,138393299,1,0,0.4409025519,,,
3547,2214292784,1,0,0.4794962014,,,
-3551,138705611,1,0,0.7833851663,,,
3551,2219289776,1,2,77.28296991,,,
-3553,201980944,1,0,1.762120462,,,
3553,12623809,-1,1,4.067033458,,,
-3554,2223041216,1,0,0.8809362689,,,
3554,2223041216,1,0,0.212899448,,,
-3557,2226795824,1,0,0.2201411741,,,
3557,139174739,1,0,0.1064048243,,,
-3558,2228048064,1,0,0.391307086,,,
3558,2228048064,1,2,112.5654699,,,
-3559,139331291,-1,1,6.108931509,,,
3559,2229300656,-1,1,24.69357774,,,
-3561,2231806896,-1,1,17.70536672,,,
3561,139487931,-1,1,9.089400695,,,
-3562,2233060544,1,0,0.8799464525,,,
3562,2233060544,1,0,0.2126602351,,,
-3563,139644659,-1,1,23.5153739,,,
3563,2234314544,-1,1,11.58039086,,,
-3565,2236823600,1,0,1.197200845,,,
3565,139801475,1,0,0.9565683204,,,
-3566,2238078656,-1,1,3.340204352,,,
3566,2238078656,-1,1,13.70749637,,,
-3567,139958379,1,2,24.36348692,,,
3567,2239334064,1,0,0.8500445433,,,
-3569,2241845936,1,0,0.3907035976,,,
3569,140115371,1,2,53.19139107,,,
-3570,2243102400,-1,1,17.0926384,,,
3570,2243102400,-1,1,13.88456893,,,
-3571,140272451,-1,1,41.75674311,,,
3571,2244359216,-1,1,6.624235579,,,
-3574,2248131776,-1,1,26.5798421,,,
3574,2248131776,-1,1,9.810679196,,,
-3578,2253166784,1,0,0.3902119059,,,
3578,2253166784,1,0,0.8487368731,,,
-3579,140901651,1,0,0.4389270614,,,
3579,2254426416,1,0,0.4773477898,,,
-3581,2256946736,-1,1,10.42526973,,,
3581,141059171,-1,1,23.37601685,,,
-3583,141216779,-1,1,3.271504749,,,
3583,2259468464,-1,1,5.493841727,,,
-3585,2261991600,-1,1,29.87604428,,,
3585,141374475,-1,1,5.645134015,,,
-3586,205750336,1,0,3.118211211,,,
3586,205750336,-1,1,4.408410299,,,
-3587,141532259,1,0,0.7794441315,,,
3587,2264516144,1,0,3.390685753,,,
-3589,2267042096,1,0,0.2191575728,,,
3589,141690131,1,0,0.9533646218,,,
-3590,2268305600,1,0,0.0973897988,,,
3590,2268305600,1,0,0.211829296,,,
-3593,2272098224,-1,1,7.102465735,,,
3593,142006139,-1,1,3.554317519,,,
-3594,2273363136,-1,1,23.08865986,,,
3594,2273363136,-1,1,12.4800613,,,
-3595,142164275,1,0,3.941542999,,,
3595,2274628400,1,0,0.05292048412,,,
-3597,207014544,1,0,0.1945899783,,,
3597,12938409,-1,1,28.3048155,,,
-3598,2278426304,1,0,1.55650348,,,
3598,2278426304,1,2,94.09966004,,,
-3599,142480811,-1,1,5.989447485,,,
3599,2279692976,-1,1,7.377470858,,,
-3601,2282227376,1,2,127.0461285,,,
3601,142639211,1,2,43.97346922,,,
-3602,2283495104,1,0,4.764144426,,,
3602,2283495104,1,0,0.2114761488,,,
-3603,142797699,-1,1,2.988809553,,,
3603,2284763184,-1,1,14.6193189,,,
-3605,2287300400,-1,1,19.86674832,,,
3605,142956275,-1,1,21.70168931,,,
-3606,2288569536,1,0,0.8745614724,,,
3606,2288569536,1,0,0.211358825,,,
-3607,143114939,-1,1,6.932957794,,,
3607,2289839024,-1,1,2.132676364,,,
-3611,143432531,1,0,2.379101841,,,
3611,2294920496,1,0,2.587352445,,,
-3613,2297463344,1,0,1.553269072,,,
3613,143591459,1,2,75.28375285,,,
-3614,2298735296,-1,1,10.2084858,,,
3614,2298735296,-1,1,20.64916433,,,
-3615,143750475,-1,1,7.541866776,,,
3615,2300007600,-1,1,37.48070913,,,
-3617,2302553264,1,0,0.6064101417,,,
3617,143909579,1,0,0.1055185943,,,
-3619,13097161,1,0,6.20792377,,,
3619,209554576,-1,1,4.785968527,,,
-3621,2307648816,-1,1,2.922156506,,,
3621,144228051,-1,1,16.68403535,,,
-3622,2308923584,1,0,0.09695862989,,,
3622,2308923584,1,0,0.2108914749,,,
-3623,144387419,1,2,34.2303592,,,
3623,2310198704,1,0,1.897761315,,,
-3629,2317856816,-1,1,4.216226438,,,
3629,144866051,-1,1,16.51617829,,,
-3631,145025771,1,0,0.7747071344,,,
3631,2320412336,1,0,5.265748726,,,
-3633,2322969264,1,0,0.09681173291,,,
3633,145185579,1,0,0.4211439284,,,
-3634,2324248256,1,0,1.548774588,,,
3634,2324248256,1,0,0.8421719589,,,
-3635,145345475,1,0,1.2098137,,,
3635,2325527600,1,0,0.0526285068,,,
-3637,2328087344,-1,1,25.33577571,,,
3637,145505459,-1,1,9.192058751,,,
-3638,2329367744,-1,1,9.497771001,,,
3638,2329367744,-1,1,11.11730599,,,
-3639,145665531,1,0,1.209148602,,,
3639,2330648496,1,0,0.4733961673,,,
-3641,212110096,1,0,0.04835265856,,,
3641,13256881,-1,1,6.797978708,,,
-3642,2334492864,1,0,0.3867681592,,,
3642,2334492864,1,2,78.08866377,,,
-3643,145985939,-1,1,19.4679907,,,
3643,2335775024,-1,1,9.742305102,,,
-3646,2339623616,1,0,0.8697508667,,,
3646,2339623616,1,0,1.891766038,,,
-3647,146306699,-1,1,2.870916688,,,
3647,2340907184,-1,1,11.97079199,,,
-3649,2343475376,-1,1,26.63264978,,,
3649,146467211,-1,1,3.169014243,,,
-3651,146627811,-1,1,24.0254274,,,
3651,2346044976,-1,1,5.547233333,,,
-3653,2348615984,1,2,55.99416284,,,
3653,146788499,1,0,1.679957899,,,
-3655,146949275,1,2,42.48499455,,,
3655,2351188400,1,0,0.8397491015,,,
-3657,2353762224,1,0,2.412338352,,,
3657,147110139,1,0,0.4197597211,,,
-3658,2355049664,-1,1,9.130504687,,,
3658,2355049664,-1,1,2.615358445,,,
-3659,147271091,-1,1,16.5584693,,,
3659,2356337456,-1,1,17.52989445,,,
-3661,2358914096,1,0,0.3857632215,,,
3661,147432131,1,2,134.4978767,,,
-3662,2360202944,-1,1,5.587757483,,,
3662,2360202944,-1,1,10.85871195,,,
-3665,2364071600,-1,1,19.28273507,,,
3665,147754475,-1,1,6.27384959,,,
-3666,2365361856,1,0,0.3855000635,,,
3666,2365361856,1,0,3.353953209,,,
-3667,147915779,1,2,117.5852851,,,
3667,2366652464,1,0,3.353495862,,,
-3669,2369234736,-1,1,36.27214289,,,
3669,148077171,-1,1,24.32794489,,,
-3670,2370526400,-1,1,23.36217497,,,
3670,2370526400,-1,1,6.587912501,,,
-3671,148238651,-1,1,2.82440357,,,
3671,2371818416,-1,1,6.278291424,,,
-3673,2374403504,-1,1,7.873567853,,,
3673,148400219,-1,1,3.54649701,,,
-3674,215972416,1,0,0.1925400643,,,
3674,215972416,-1,1,22.39458541,,,
-3677,2379577904,1,0,0.09623075164,,,
3677,148723619,1,0,3.767549242,,,
-3678,2380872384,1,0,0.3848706752,,,
3678,2380872384,1,0,3.348477364,,,
-3679,148885451,1,0,1.731682644,,,
3679,2382167216,1,0,1.883262517,,,
-3682,2386053824,-1,1,7.79544234,,,
3682,2386053824,-1,1,4.756631567,,,
-3683,149209379,1,2,136.3430944,,,
3683,2387350064,1,0,3.346203664,,,
-3685,217267600,1,0,1.201577977,,,
3685,13579225,-1,1,12.82357418,,,
-3686,2391240896,1,0,0.09611319791,,,
3686,2391240896,1,0,0.2090526041,,,
-3687,149533659,-1,1,1.361069365,,,
3687,2392538544,-1,1,12.11075088,,,
-3689,2395134896,1,2,109.8924195,,,
3689,149695931,1,2,52.18842158,,,
-3691,149858291,-1,1,31.12059451,,,
3691,2397732656,-1,1,15.30180044,,,
-3693,2400331824,-1,1,19.39940714,,,
3693,150020739,-1,1,16.73324498,,,
-3694,2401631936,1,0,0.09600906657,,,
3694,2401631936,1,0,5.220652787,,,
-3695,150183275,-1,1,2.713479418,,,
3695,2402932400,-1,1,7.660030743,,,
-3697,2405534384,1,0,0.599813153,,,
3697,150345899,1,0,0.1043706832,,,
-3701,2410742576,1,0,2.397955719,,,
3701,150671411,1,0,0.4172570663,,,
-3702,2412045504,-1,1,18.24806278,,,
3702,2412045504,-1,1,16.4780591,,,
-3705,2415956400,1,0,0.8627979334,,,
3705,150997275,1,0,0.4170317655,,,
-3706,2417260736,-1,1,17.6817528,,,
3706,2417260736,-1,1,3.122333189,,,
-3707,13741849,1,0,3.450260615,,,
3707,219869584,-1,1,10.30338708,,,
-3709,2421175856,-1,1,27.78719626,,,
3709,151323491,-1,1,27.71466166,,,
-3710,2422481600,1,0,1.532829044,,,
3710,2422481600,1,2,74.78508839,,,
-3711,151486731,1,0,0.1915778131,,,
3711,2423787696,1,0,0.2083472488,,,
-3713,2426400944,-1,1,5.472506729,,,
3713,151650059,-1,1,5.493775965,,,
-3714,2427708096,-1,1,10.05606817,,,
3714,2427708096,-1,1,19.50416334,,,
-3715,151813475,-1,1,29.65708143,,,
3715,2429015600,-1,1,9.452698628,,,
-3719,152140571,1,0,0.04784291228,,,
3719,2434249136,1,0,0.05203075965,,,
-3722,2438177984,1,0,1.530356073,,,
3722,2438177984,1,2,163.7891487,,,
-3723,152468019,1,0,1.721419348,,,
3723,2439488304,1,0,0.2080112046,,,
-3727,152795819,1,0,0.430123836,,,
3727,2444733104,1,0,0.4677739891,,,
-3729,222487056,1,0,1.194467986,,,
3729,13905441,-1,1,4.554775782,,,
-3730,2448670400,1,0,0.8599016582,,,
3730,2448670400,1,0,5.195398204,,,
-3731,153123971,-1,1,16.63794489,,,
3731,2449983536,-1,1,8.767408579,,,
-3733,2452610864,1,0,0.3820249163,,,
3733,153288179,1,2,73.14098511,,,
-3734,2453925056,1,0,0.381973758,,,
3734,2453925056,1,0,3.323273412,,,
-3737,2457869744,-1,1,7.535080115,,,
3737,153616859,-1,1,8.52460663,,,
-3738,2459185344,1,0,0.09544233249,,,
3738,2459185344,1,0,1.868340844,,,
-3739,153781331,-1,1,17.45895421,,,
3739,2460501296,-1,1,2.833442376,,,
-3741,2463134256,1,0,0.09540405604,,,
3741,153945891,1,0,10.37550866,,,
-3742,2464451264,-1,1,26.26083481,,,
3742,2464451264,-1,1,1.613967657,,,
-3743,154110539,1,0,0.1907571279,,,
3743,2465768624,1,0,1.867092537,,,
-3745,2468404400,1,0,1.525649477,,,
3745,154275275,1,0,1.659194591,,,
-3746,2469722816,-1,1,18.07147711,,,
3746,2469722816,-1,1,16.33935004,,,
-3747,154440099,-1,1,33.52550463,,,
3747,2471041584,-1,1,7.838976248,,,
-3749,2473680176,1,0,1.524835363,,,
3749,154605011,1,0,0.4145773036,,,
-3754,2480282816,1,0,0.09523872195,,,
3754,2480282816,1,0,1.864355046,,,
-3755,155100275,1,0,1.190325494,,,
3755,2481604400,1,0,0.05178074387,,,
-3758,2485571264,-1,1,7.599430615,,,
3758,2485571264,-1,1,18.58010203,,,
-3759,155430891,-1,1,4.051167627,,,
3759,2486894256,-1,1,17.01194481,,,
-3761,2489541296,-1,1,10.11900615,,,
3761,155596331,-1,1,6.581550937,,,
-3763,155761859,1,0,3.043992388,,,
3763,2492189744,1,0,0.8276107617,,,
-3765,2494839600,1,0,0.5943718327,,,
3765,155927475,1,0,2.585596611,,,
-3766,2496165056,1,0,3.423127188,,,
3766,2496165056,1,0,0.8272810582,,,
-3767,156093179,1,0,0.4278341001,,,
3767,2497490864,1,0,0.05169820279,,,
-3769,2500143536,-1,1,14.06233692,,,
3769,156258971,-1,1,7.137497254,,,
-3770,2501470400,-1,1,8.32063247,,,
3770,2501470400,-1,1,18.31063193,,,
-3774,2506781376,1,0,0.8548742868,,,
3774,2506781376,1,0,1.859408486,,,
-3777,2510768304,1,0,2.872186122,,,
3777,156923019,1,0,0.1032594385,,,
-3778,2512097984,1,0,0.09493573479,,,
3778,2512097984,1,0,1.858423891,,,
-3779,157089251,-1,1,13.21155038,,,
3779,2513428016,-1,1,32.66401803,,,
-3781,2516089136,-1,1,16.82264456,,,
3781,157255571,-1,1,8.002832226,,,
-3782,2517420224,1,0,1.51816828,,,
3782,2517420224,1,2,105.1676977,,,
-3783,157421979,-1,1,4.068663166,,,
3783,2518751664,-1,1,25.26862993,,,
-3785,2521415600,1,0,0.3793916273,,,
3785,157588475,1,0,1.650404094,,,
-3786,2522748096,-1,1,18.48708919,,,
3786,2522748096,-1,1,37.50984423,,,
-3787,157755059,1,0,0.7585828629,,,
3787,2524080944,1,0,3.299936457,,,
-3790,2528081600,-1,1,11.44884318,,,
3790,2528081600,-1,1,10.74253324,,,
-3791,158088491,-1,1,2.82074979,,,
3791,2529415856,-1,1,16.13322484,,,
-3793,2532085424,1,0,1.515965278,,,
3793,158255339,1,2,31.65202959,,,
-3794,2533420736,-1,1,12.78308872,,,
3794,2533420736,-1,1,20.98099119,,,
-3795,14402025,1,0,7.672551667,,,
3795,230432400,-1,1,12.95249802,,,
-3797,2537428784,-1,1,3.493785197,,,
3797,158589299,-1,1,30.32008369,,,
-3799,158756411,1,0,0.1893459594,,,
3799,2540102576,1,0,0.2059200336,,,
-3801,2542777776,-1,1,18.92573219,,,
3801,158923611,-1,1,3.181269727,,,
-3802,2544115904,-1,1,12.14823808,,,
3802,2544115904,-1,1,10.50584822,,,
-3803,159090899,-1,1,13.19269183,,,
3803,2545454384,-1,1,5.180490269,,,
-3805,2548132400,-1,1,28.46909618,,,
3805,159258275,-1,1,4.730922273,,,
-3806,231770176,1,2,76.6417879,,,
3806,231770176,-1,1,14.53433401,,,
-3809,2553492656,1,0,0.09454862265,,,
3809,159593291,1,0,0.4112990974,,,
-3810,2554833600,1,0,2.363405347,,,
3810,2554833600,1,0,0.2056225588,,,
-3811,159760931,1,0,4.7261905,,,
3811,2556174896,1,0,0.8223823182,,,
-3813,2558858544,-1,1,10.9369352,,,
3813,159928659,-1,1,28.44781832,,,
-3814,2560200896,-1,1,11.66582313,,,
3814,2560200896,-1,1,11.70181343,,,
-3815,160096475,1,0,0.1889484865,,,
3815,2561543600,1,0,0.2054877685,,,
-3817,233111824,1,2,70.44183536,,,
3817,14569489,-1,1,1.587380448,,,
-3818,2565573824,1,2,71.1224186,,,
3818,2565573824,1,2,195.3200776,,,
-3819,160432371,-1,1,57.60984751,,,
3819,2566917936,-1,1,16.01413759,,,
-3821,2569607216,1,0,0.2124000879,,,
3821,160600451,1,0,17.35007823,,,
-3823,160768619,-1,1,5.167176732,,,
3823,2572297904,-1,1,9.419434753,,,
-3826,2576336576,1,0,6.037653483,,,
3826,2576336576,1,0,0.8207686421,,,
-3827,161105219,-1,1,12.20835476,,,
3827,2577683504,-1,1,9.745593747,,,
-3829,2580378416,1,2,115.7032627,,,
3829,161273651,1,0,1.640894091,,,
-3830,2581726400,-1,1,17.08274147,,,
3830,2581726400,-1,1,13.84466321,,,
-3831,161442171,1,0,0.04713837655,,,
3831,2583074736,1,0,2.511963125,,,
-3833,2585772464,1,0,0.2120673461,,,
3833,161610779,1,0,0.1025023546,,,
-3835,161779475,-1,1,29.69288669,,,
3835,2588471600,-1,1,18.220506,,,
-3837,2591172144,1,0,2.849641142,,,
3837,161948259,1,0,2.561222808,,,
-3838,2592522944,-1,1,24.82457329,,,
3838,2592522944,-1,1,7.957598928,,,
-3839,14737921,1,0,0.3767138853,,,
3839,235806736,-1,1,27.48334663,,,
-3841,2596577456,-1,1,12.99422524,,,
3841,162286091,-1,1,2.10997997,,,
-3842,2597929664,1,0,2.353542371,,,
3842,2597929664,1,0,0.2047644536,,,
-3845,2601988400,-1,1,15.74737691,,,
3845,162624275,-1,1,22.13910667,,,
-3846,2603342016,-1,1,4.632726011,,,
3846,2603342016,-1,1,22.56512851,,,
-3847,162793499,-1,1,11.1407197,,,
3847,2604695984,-1,1,10.73513104,,,
-3849,2607404976,-1,1,15.91833411,,,
3849,162962811,-1,1,9.620303085,,,
-3851,163132211,1,0,1.175395291,,,
3851,2610115376,1,0,0.4601813417,,,
-3853,2612827184,1,0,0.09400721536,,,
3853,163301699,1,0,0.4089439036,,,
-3854,2614183616,1,2,63.38909348,,,
3854,2614183616,1,0,0.8177816915,,,
-3855,163471275,1,0,0.1879656528,,,
3855,2615540400,1,0,0.2044189042,,,
-3857,2618255024,-1,1,17.18329433,,,
3857,163640939,-1,1,6.186950858,,,
-3858,2619612864,-1,1,20.08488933,,,
3858,2619612864,-1,1,3.037844493,,,
-3859,163810691,1,0,4.69670527,,,
3859,2620971056,1,0,0.2043129328,,,
-3862,2625047744,1,0,0.09389761432,,,
3862,2625047744,1,0,0.2042335623,,,
-3863,164150459,-1,1,1.808363762,,,
3863,2626407344,-1,1,18.44129166,,,
-3865,2629127600,1,0,3.379001967,,,
3865,164320475,1,2,30.07823092,,,
-3866,2630488256,1,0,0.09384902564,,,
3866,2630488256,1,0,0.2041278787,,,
-3867,164490579,-1,1,21.6881398,,,
3867,2631849264,-1,1,9.968534723,,,
-3869,2634572336,-1,1,7.253422293,,,
3869,164660771,-1,1,37.48795576,,,
-3873,2640022704,1,0,4.594444656,,,
3873,165001419,1,2,30.95454538,,,
-3874,2641386176,-1,1,16.01610374,,,
3874,2641386176,-1,1,2.899125221,,,
-3877,2645478704,1,2,96.34161841,,,
3877,165342419,1,0,1.63070474,,,
-3878,2646843584,-1,1,2.008843168,,,
3878,2646843584,-1,1,13.32262858,,,
-3881,2650940336,1,0,0.0234168719,,,
3881,165683771,1,0,0.916798596,,,
-3882,2652306624,-1,1,12.44809375,,,
3882,2652306624,-1,1,15.17352356,,,
-3883,15077689,1,0,4.58852474,,,
3883,241243024,-1,1,4.892772203,,,
-3885,2656407600,-1,1,2.932501647,,,
3885,166025475,-1,1,21.74948942,,,
-3886,2657775296,1,0,1.497715338,,,
3886,2657775296,1,0,0.8144076422,,,
-3889,2661880496,-1,1,8.95227083,,,
3889,166367531,-1,1,3.671518323,,,
-3890,2663249600,-1,1,17.68255426,,,
3890,2663249600,-1,1,13.53999548,,,
-3891,166538691,-1,1,20.18429251,,,
3891,2664619056,-1,1,27.48292156,,,
-3893,2667359024,-1,1,4.714508954,,,
3893,166709939,-1,1,3.764660223,,,
-3894,242611776,1,0,0.1870220077,,,
3894,242611776,-1,1,4.14116261,,,
-3895,166881275,1,0,0.747991993,,,
3895,2670100400,1,0,0.8134661907,,,
-3898,2674215104,1,0,0.09346301259,,,
3898,2674215104,1,0,0.2032882746,,,
-3899,167224211,1,0,2.990432842,,,
3899,2675587376,1,0,3.252195258,,,
-3901,2678332976,-1,1,28.03095856,,,
3901,167395811,-1,1,19.65490575,,,
-3902,2679706304,-1,1,7.089517615,,,
3902,2679706304,-1,1,5.391560268,,,
-3903,167567499,1,0,0.4203140727,,,
3903,2681079984,1,0,4.113949905,,,
-3905,243984400,1,0,0.04668960268,,,
3905,15249025,-1,1,4.704082432,,,
-3907,167911139,-1,1,23.81361188,,,
3907,2686578224,-1,1,7.242060558,,,
-3909,2689329456,1,0,2.823275352,,,
3909,168083091,1,0,4.973550091,,,
-3910,2690705600,1,0,0.09331948088,,,
3910,2690705600,1,0,0.2029760835,,,
-3911,168255131,-1,1,2.831137194,,,
3911,2692082096,-1,1,1.240046346,,,
-3913,2694836144,-1,1,6.915548783,,,
3913,168427259,-1,1,2.892209037,,,
-3914,2696213696,1,0,1.49234854,,,
3914,2696213696,1,0,0.8114893562,,,
-3917,2700348464,1,0,2.820390779,,,
3917,168771779,1,0,4.968468557,,,
-3918,2701727424,-1,1,8.948595182,,,
3918,2701727424,-1,1,8.374022368,,,
-3919,168944171,1,0,0.18642453,,,
3919,2703106736,1,0,3.24388611,,,
-3921,2705866416,1,0,0.09318848939,,,
3921,169116651,1,2,36.69073725,,,
-3922,2707246784,-1,1,20.46416218,,,
3922,2707246784,-1,1,5.154212035,,,
-3923,169289219,-1,1,19.80185185,,,
3923,2708627504,-1,1,8.118648822,,,
-3926,2712771776,-1,1,8.882823432,,,
3926,2712771776,-1,1,17.18234955,,,
-3927,15421329,1,2,31.74066204,,,
3927,246741264,-1,1,12.93509546,,,
-3929,2716919216,-1,1,16.62310119,,,
3929,169807451,-1,1,5.349036948,,,
-3930,2718302400,1,0,2.327043096,,,
3930,2718302400,1,0,0.2024589462,,,
-3931,169980371,1,0,0.4188144764,,,
3931,2719685936,1,0,0.4554746842,,,
-3934,2723838656,-1,1,13.74796017,,,
3934,2723838656,-1,1,0.9886134781,,,
-3935,170326475,-1,1,2.622428578,,,
3935,2725223600,-1,1,10.51724687,,,
-3937,2727994544,-1,1,1.760242336,,,
3937,170499659,-1,1,1.169645948,,,
-3938,248125504,1,0,0.1859742572,,,
3938,248125504,-1,1,16.08569778,,,
-3939,170672931,1,0,2.975210382,,,
3939,2730766896,1,0,3.235640326,,,
-3941,2733540656,1,2,58.73567991,,,
3941,170846291,1,0,6.469638403,,,
-3943,171019739,1,0,0.7434252223,,,
3943,2736315824,1,0,0.2021249189,,,
-3945,2739092400,-1,1,15.10809589,,,
3945,171193275,-1,1,1.997809775,,,
-3946,2740481216,-1,1,12.68170982,,,
3946,2740481216,-1,1,7.871781302,,,
-3947,171366899,1,0,0.04644052643,,,
3947,2741870384,1,0,1.262640459,,,
-3949,249513616,1,0,6.685742141,,,
3949,15594601,-1,1,19.53567571,,,
-3953,2750212784,1,0,0.5800658566,,,
3953,171888299,1,0,2.52336371,,,
-3954,2751604416,1,0,0.3711952001,,,
3954,2751604416,1,2,143.2187267,,,
-3955,172062275,-1,1,37.82857495,,,
3955,2752996400,-1,1,16.29747411,,,
-3957,2755781424,-1,1,8.779103709,,,
3957,172236339,-1,1,11.83185987,,,
-3958,2757174464,1,0,0.8347670677,,,
3958,2757174464,1,0,0.2017415495,,,
-3959,172410491,-1,1,2.393274131,,,
3959,2758567856,-1,1,2.727357297,,,
-3961,2761355696,1,0,0.3708670613,,,
3961,172584731,1,0,1.613321097,,,
-3962,2762750144,-1,1,6.466686811,,,
3962,2762750144,-1,1,24.19921093,,,
-3963,172759059,1,0,5.60794869,,,
3963,2764144944,1,0,0.4536320483,,,
-3965,2766935600,1,0,0.09266998593,,,
3965,172933475,1,0,0.4031267776,,,
-3966,2768331456,-1,1,42.80504724,,,
3966,2768331456,-1,1,5.512058492,,,
-3967,173107979,-1,1,2.293499977,,,
3967,2769727664,-1,1,6.11377748,,,
-3970,2773918400,-1,1,18.6061587,,,
3970,2773918400,-1,1,8.588502156,,,
-3973,2778112304,-1,1,8.740554337,,,
3973,173632019,-1,1,11.17849908,,,
-3974,2779510976,1,0,0.3702599625,,,
3974,2779510976,1,2,175.6535401,,,
-3977,2783709104,-1,1,12.19634497,,,
3977,173981819,-1,1,2.331254181,,,
-3979,174156851,-1,1,33.90611245,,,
3979,2786509616,-1,1,5.156130272,,,
-3981,2789311536,-1,1,13.92483558,,,
3981,174331971,-1,1,25.59445286,,,
-3982,253701184,1,0,0.1849439209,,,
3982,253701184,-1,1,5.139404499,,,
-3983,174507179,1,0,0.1849207028,,,
3983,2792114864,1,0,0.2011074197,,,
-3985,2794919600,1,0,3.905469436,,,
3985,174682475,1,0,0.1005284737,,,
-3986,2796322496,1,0,0.831829954,,,
3986,2796322496,1,0,1.809285528,,,
-3989,2800533296,-1,1,7.100982265,,,
3989,175033331,-1,1,28.69211708,,,
-3990,2801937600,-1,1,32.17872935,,,
3990,2801937600,-1,1,15.38771573,,,
-3991,175208891,1,2,62.28581628,,,
3991,2803342256,1,2,67.05613861,,,
-3994,2807558336,1,0,2.308323491,,,
3994,2807558336,1,0,0.2008302907,,,
-3995,175560275,-1,1,22.34143558,,,
3995,2808964400,-1,1,10.82269304,,,
-3997,2811777584,1,0,1.476772517,,,
3997,175736099,1,2,96.38080819,,,
-3998,2813184704,1,2,47.58416723,,,
3998,2813184704,1,2,99.8831983,,,
-3999,175912011,-1,1,3.734057725,,,
3999,2814592176,-1,1,16.11909285,,,
-4001,2817408176,-1,1,6.47299451,,,
4001,176088011,-1,1,10.80400445,,,
-4002,2818816704,1,0,0.3689624268,,,
4002,2818816704,1,2,105.2265302,,,
-4003,176264099,-1,1,9.639645769,,,
4003,2820225584,-1,1,9.77478268,,,
-4006,2824454336,-1,1,24.07655039,,,
4006,2824454336,-1,1,14.28671399,,,
-4007,176616539,1,0,0.7374643125,,,
4007,2825864624,1,0,9.824708099,,,
-4009,2828686256,1,0,0.09216004217,,,
4009,176792891,1,0,0.4009084543,,,
-4010,2830097600,-1,1,8.28277619,,,
4010,2830097600,-1,1,8.568682253,,,
-4011,176969331,-1,1,29.08405771,,,
4011,2831509296,-1,1,17.18103624,,,
-4013,2834333744,1,0,0.3684563999,,,
4013,177145859,1,0,1.602834399,,,
-4015,16120225,1,2,38.33477087,,,
4015,257923600,-1,1,7.296911882,,,
-4017,2839986864,-1,1,14.05468975,,,
4017,177499179,-1,1,4.741905542,,,
-4019,177675971,1,0,0.4142039189,,,
4019,2842815536,1,0,0.05005117215,,,
-4021,2845645616,-1,1,30.06378175,,,
4021,177852851,-1,1,30.21993014,,,
-4022,2847061184,-1,1,9.486850829,,,
4022,2847061184,-1,1,5.407879288,,,
-4026,259338816,1,0,6.621498791,,,
4026,259338816,-1,1,8.513284517,,,
-4027,178384019,1,0,2.942522934,,,
4027,2854144304,1,0,0.2000057274,,,
-4029,2856980016,1,0,2.298275397,,,
4029,178561251,1,0,3.599209434,,,
-4030,2858398400,1,0,2.297990233,,,
4030,2858398400,1,0,1.799381427,,,
-4031,178738571,1,0,0.1838164141,,,
4031,2859817136,1,0,9.795416979,,,
-4033,2862655664,-1,1,27.76388879,,,
4033,178915979,-1,1,1.610925779,,,
-4034,2864075456,-1,1,14.83223135,,,
4034,2864075456,-1,1,9.553667205,,,
-4035,179093475,1,0,1.653527524,,,
4035,2865495600,1,0,0.1998073582,,,
-4037,260757904,1,0,0.4132794701,,,
4037,16297369,-1,1,20.85416656,,,
-4038,2869758144,1,2,51.09623726,,,
4038,2869758144,1,2,112.4998752,,,
-4039,179448731,-1,1,8.970827761,,,
4039,2871179696,-1,1,7.381957471,,,
-4042,2875446464,1,0,3.304190202,,,
4042,2875446464,1,0,0.7985370736,,,
-4043,179804339,-1,1,16.34364941,,,
4043,2876869424,-1,1,3.750178119,,,
-4045,2879716400,-1,1,14.21922911,,,
4045,179982275,-1,1,19.37013438,,,
-4047,180160299,-1,1,7.257302148,,,
4047,2882564784,-1,1,6.966411841,,,
-4049,2885414576,1,0,0.02292592214,,,
4049,180338411,1,0,0.8975773247,,,
-4051,180516611,1,0,0.4125647182,,,
4051,2888265776,1,0,1.2463274,,,
-4053,2891118384,1,0,4.491262832,,,
4053,180694899,1,0,3.588537181,,,
-4054,2892545216,-1,1,11.06169488,,,
4054,2892545216,-1,1,5.391901698,,,
-4055,180873275,-1,1,6.713069352,,,
4055,2893972400,-1,1,4.23164625,,,
-4057,2896827824,1,0,0.5725826793,,,
4057,181051739,1,0,0.09963243571,,,
-4058,2898256064,-1,1,2.083837938,,,
4058,2898256064,-1,1,16.84612613,,,
-4061,2902542896,-1,1,5.990011421,,,
4061,181408931,-1,1,24.51997585,,,
-4062,2903972544,1,0,0.8240114431,,,
4062,2903972544,1,0,1.792279746,,,
-4063,181587659,1,0,0.1830911183,,,
4063,2905402544,1,0,1.792059172,,,
-4065,2908263600,-1,1,15.73709847,,,
4065,181766475,-1,1,6.230968168,,,
-4066,2909694656,-1,1,17.70743854,,,
4066,2909694656,-1,1,14.20586982,,,
-4069,2913989936,-1,1,21.01217762,,,
4069,182124371,-1,1,21.20970355,,,
-4070,265038400,1,0,0.1829336012,,,
4070,265038400,-1,1,27.534781,,,
-4071,182303451,1,0,1.143194575,,,
4071,2916855216,1,0,1.243262153,,,
-4073,2919721904,1,0,3.86304886,,,
4073,182482619,1,0,0.8949289471,,,
-4074,2921155776,1,0,2.285547172,,,
4074,2921155776,1,0,1.789638212,,,
-4078,2926894784,-1,1,19.92753951,,,
4078,2926894784,-1,1,11.65544121,,,
-4079,183020651,1,2,24.73852422,,,
4079,2928330416,1,0,1.788541015,,,
-4081,266472976,1,0,2.922990298,,,
4081,16654561,-1,1,4.02907841,,,
-4082,2932639424,1,0,0.8219903181,,,
4082,2932639424,1,0,0.1986537405,,,
-4083,183379779,-1,1,50.31027959,,,
4083,2934076464,-1,1,5.161031637,,,
-4085,2936951600,1,0,3.286753721,,,
4085,183559475,1,2,200.53183,,,
-4087,183739259,-1,1,4.143159234,,,
4087,2939828144,-1,1,4.681434841,,,
-4089,2942706096,-1,1,15.98537165,,,
4089,183919131,-1,1,4.720923871,,,
-4090,2944145600,1,0,1.459886261,,,
4090,2944145600,1,0,0.7938374522,,,
-4091,184099091,-1,1,13.83221014,,,
4091,2945585456,-1,1,19.30010229,,,
-4093,2948466224,1,0,1.459351145,,,
4093,184279139,1,0,1.587092948,,,
-4094,2949907136,-1,1,12.12849214,,,
4094,2949907136,-1,1,18.45992601,,,
-4097,2954231984,1,0,0.3646596428,,,
4097,184639499,1,2,34.44905976,,,
-4098,2955674304,-1,1,8.966010933,,,
4098,2955674304,-1,1,12.7688166,,,
-4099,184819811,-1,1,40.38009129,,,
4099,2957116976,-1,1,1.25834731,,,
-4101,2960003376,1,0,0.3644817601,,,
4101,185000211,1,0,0.3963860465,,,
-4102,2961447104,-1,1,14.56130325,,,
4102,2961447104,-1,1,6.862039477,,,
-4103,16834609,1,0,0.3643929163,,,
4103,269353744,-1,1,13.17721776,,,
-4105,2965780400,-1,1,11.93720856,,,
4105,185361275,-1,1,3.63696252,,,
-4106,2967225536,1,0,0.8195844876,,,
4106,2967225536,1,0,0.1980723137,,,
-4109,2971563056,-1,1,20.68453035,,,
4109,185722691,-1,1,8.916137413,,,
-4110,2973009600,-1,1,16.12954754,,,
4110,2973009600,-1,1,5.740915754,,,
-4111,185903531,-1,1,12.22764895,,,
4111,2974456496,-1,1,17.52360563,,,
-4115,186265475,1,0,0.04548265178,,,
4115,2980247600,1,0,0.4451750801,,,
-4117,2983145264,1,0,1.114054271,,,
4117,186446579,1,0,0.09890376356,,,
-4118,2984594624,1,0,1.454914608,,,
4118,2984594624,1,0,0.7911340329,,,
-4119,186627771,1,0,0.4091450589,,,
4119,2986044336,1,0,1.235996863,,,
-4121,2988944816,-1,1,15.11211514,,,
4121,186809051,-1,1,1.559996553,,,
-4123,186990419,1,0,1.635786165,,,
4123,2991846704,1,0,0.1976635449,,,
-4126,2996202176,1,0,0.3633758598,,,
4126,2996202176,1,2,106.7359409,,,
-4127,187353419,-1,1,1.409198577,,,
4127,2997654704,-1,1,4.187287978,,,
-4129,3000560816,1,0,1.112434221,,,
4129,187535051,1,0,0.09875993833,,,
-4130,3002014400,1,0,0.09079996207,,,
4130,3002014400,1,0,1.777463661,,,
-4133,3006377264,-1,1,8.803518809,,,
4133,187898579,-1,1,30.51513501,,,
-4134,3007832256,1,0,9.075602306,,,
4134,3007832256,1,0,0.7896015684,,,
-4135,188080475,-1,1,6.844359958,,,
4135,3009287600,-1,1,10.40384932,,,
-4137,3012199344,1,0,0.3628924425,,,
4137,188262459,1,0,1.578630443,,,
-4138,3013655744,-1,1,26.18990915,,,
4138,3013655744,-1,1,4.20797066,,,
-4139,188444531,1,0,2.902438044,,,
4139,3015112496,1,0,1.775530117,,,
-4141,3018027056,1,0,0.3627171321,,,
4141,188626691,1,0,1.57786782,,,
-4142,3019484864,-1,1,4.64726232,,,
4142,3019484864,-1,1,8.881983956,,,
-4143,188808939,-1,1,5.787832981,,,
4143,3020943024,-1,1,20.55896767,,,
-4145,3023860400,1,0,1.835369258,,,
4145,188991275,1,0,0.887122294,,,
-4146,3025319616,-1,1,20.55274699,,,
4146,3025319616,-1,1,1.938651885,,,
-4147,17197609,1,0,0.3624546423,,,
4147,275161744,-1,1,12.0102169,,,
-4151,189538811,1,0,0.1811399827,,,
4151,3032620976,1,0,4.924894019,,,
-4153,3035543984,-1,1,23.51824198,,,
4153,189721499,-1,1,1.623260223,,,
-4154,3037006016,-1,1,10.06631074,,,
4154,3037006016,-1,1,3.424046076,,,
-4155,189904275,-1,1,23.66022574,,,
4155,3038468400,-1,1,16.0401899,,,
-4157,3041394224,-1,1,5.169185657,,,
4157,190087139,-1,1,35.74132674,,,
-4159,190270091,1,0,0.4071727887,,,
4159,3044321456,1,0,1.230038781,,,
-4161,3047250096,1,0,3.256599379,,,
4161,190453131,1,0,1.574071212,,,
-4162,3048714944,1,2,110.6784676,,,
4162,3048714944,1,0,0.7869410502,,,
-4163,190636259,1,0,3.66279414,,,
4163,3050180144,1,0,3.98341055,,,
-4166,3054577856,-1,1,15.87897889,,,
4166,3054577856,-1,1,6.224631995,,,
-4169,278088976,1,0,5.467642618,,,
4169,17380561,-1,1,2.561402349,,,
-4170,3060446400,1,0,0.8132707913,,,
4170,3060446400,1,0,4.913661427,,,
-4171,191369651,-1,1,19.72176789,,,
4171,3061914416,-1,1,4.790641254,,,
-4173,3064851504,1,0,0.8129784056,,,
4173,191553219,1,0,3.536564311,,,
-4174,3066320576,1,0,1.445121802,,,
4174,3066320576,1,0,0.7858090318,,,
-4177,3070729904,-1,1,15.22711422,,,
4177,191920619,-1,1,2.11884906,,,
-4178,3072200384,1,0,0.09027686624,,,
4178,3072200384,1,0,0.1963581941,,,
-4179,192104451,-1,1,31.27492069,,,
4179,3073671216,-1,1,16.25330985,,,
-4181,3076613936,1,0,0.5640279511,,,
4181,192288371,1,0,0.09814386744,,,
-4182,3078085824,-1,1,13.63530834,,,
4182,3078085824,-1,1,23.66062315,,,
-4183,192472379,1,0,0.7217831639,,,
4183,3079558064,1,0,0.1962408042,,,
-4186,3083976896,-1,1,7.427792711,,,
4186,3083976896,-1,1,7.09164297,,,
-4187,192840659,-1,1,18.25067032,,,
4187,3085450544,-1,1,13.2206253,,,
-4189,3088398896,1,0,1.104438663,,,
4189,193024931,1,0,7.942058655,,,
-4190,3089873600,-1,1,18.22170411,,,
4190,3089873600,-1,1,19.3623668,,,
-4191,17564481,1,2,25.04715985,,,
4191,281031696,-1,1,4.521494226,,,
-4193,3094299824,-1,1,5.930726412,,,
4193,193393739,-1,1,6.463135198,,,
-4195,193578275,1,0,0.0450468798,,,
4195,3097252400,1,0,1.224749531,,,
-4197,3100206384,-1,1,14.92834283,,,
4197,193762899,-1,1,9.697794954,,,
-4198,3101683904,-1,1,2.282602777,,,
4198,3101683904,-1,1,5.219501727,,,
-4199,193947611,-1,1,3.648591915,,,
4199,3103161776,-1,1,18.87743939,,,
-4201,3106118576,-1,1,16.72433367,,,
4201,194132411,-1,1,3.181515678,,,
-4202,282508864,1,0,0.1800373718,,,
4202,282508864,-1,1,10.51780924,,,
-4206,3113516736,1,0,0.8097828376,,,
4206,3113516736,1,0,1.761331582,,,
-4207,194687339,1,0,0.1799303532,,,
4207,3114997424,1,0,0.1956802485,,,
-4209,3117959856,-1,1,40.00784711,,,
4209,194872491,-1,1,5.722757859,,,
-4210,3119441600,-1,1,5.562412287,,,
4210,3119441600,-1,1,19.74812377,,,
-4211,195057731,1,0,0.04496121891,,,
4211,3120923696,1,0,1.222420555,,,
-4213,283989904,1,0,2.202576735,,,
4213,17749369,-1,1,16.20271044,,,
-4215,195428475,-1,1,5.260053984,,,
4215,3126855600,-1,1,17.35230211,,,
-4217,3129823664,1,0,0.02246461092,,,
4217,195613979,1,0,2.443101215,,,
-4218,3131308224,1,0,0.08984779125,,,
4218,3131308224,1,0,0.1954249275,,,
-4219,195799571,-1,1,21.48781748,,,
4219,3132793136,-1,1,4.14694857,,,
-4222,3137249984,1,0,3.2329879,,,
4222,3137249984,1,0,3.125317295,,,
-4223,196171019,-1,1,4.747976306,,,
4223,3138736304,-1,1,4.650903649,,,
-4226,3143197376,-1,1,4.485827353,,,
4226,3143197376,-1,1,38.23379387,,,
-4227,196542819,1,0,1.121901121,,,
4227,3144685104,1,0,0.04880419255,,,
-4229,3147661616,1,0,0.02243271604,,,
4229,196728851,1,0,0.8782677148,,,
-4231,196914971,-1,1,5.788287307,,,
4231,3150639536,-1,1,5.444750118,,,
-4233,3153618864,1,2,57.61784393,,,
4233,197101179,1,2,31.69561239,,,
-4234,3155109056,-1,1,7.2655219,,,
4234,3155109056,-1,1,26.97256557,,,
-4237,3159581744,-1,1,26.41063272,,,
4237,197473859,-1,1,5.534488132,,,
-4238,3161073344,1,0,1.434168566,,,
4238,3161073344,1,0,0.7798530272,,,
-4241,3165550256,-1,1,4.312108652,,,
4241,197846891,-1,1,4.564881047,,,
-4242,3167043264,-1,1,18.04793737,,,
4242,3167043264,-1,1,16.0908419,,,
-4243,198033539,-1,1,37.21484954,,,
4243,3168536624,-1,1,5.203200721,,,
-4245,3171524400,-1,1,23.87627245,,,
4245,198220275,-1,1,24.14705199,,,
-4246,288456256,1,0,0.7164084258,,,
4246,288456256,-1,1,4.51726089,,,
-4247,198407099,1,0,0.04477025487,,,
4247,3174513584,1,0,3.943820537,,,
-4249,3177504176,1,0,0.3580777358,,,
4249,198594011,1,2,24.0615041,,,
-4251,198781011,1,0,0.1789967461,,,
4251,3180496176,1,0,0.1946649196,,,
-4253,3183489584,-1,1,1.831244517,,,
4253,198968099,-1,1,10.9640409,,,
-4254,3184986816,-1,1,15.76419067,,,
4254,3184986816,-1,1,31.81286293,,,
-4255,199155275,1,0,0.4025533309,,,
4255,3186484400,1,0,1.216083742,,,
-4258,3190979264,1,0,0.0894247767,,,
4258,3190979264,1,0,0.1945048427,,,
-4259,199529891,-1,1,6.453510223,,,
4259,3192478256,-1,1,3.878765323,,,
-4261,3195477296,1,0,6.458665271,,,
4261,199717331,1,0,0.8749636158,,,
-4262,3196977344,1,0,0.08938280309,,,
4262,3196977344,1,0,4.860338682,,,
-4265,3201479600,-1,1,5.924282384,,,
4265,200092475,-1,1,5.844907147,,,
-4267,200280179,-1,1,38.79885754,,,
4267,3204482864,-1,1,11.38717553,,,
-4269,3207487536,1,0,0.02232737282,,,
4269,200467971,1,0,4.759225185,,,
-4270,3208990400,-1,1,24.42142322,,,
4270,3208990400,-1,1,9.025047084,,,
-4271,200655851,1,0,1.116107227,,,
4271,3210493616,1,0,1.213803761,,,
-4273,3213501104,1,0,1.093529076,,,
4273,200843819,1,0,0.09708157312,,,
-4274,3215005376,-1,1,15.89745018,,,
4274,3215005376,-1,1,16.84137683,,,
-4277,3219520304,1,0,0.3569037073,,,
4277,201220019,1,0,1.552578647,,,
-4278,3221025984,-1,1,8.796376209,,,
4278,3221025984,-1,1,12.61705389,,,
-4279,18309841,1,0,0.8028456509,,,
4279,292957456,-1,1,7.434347537,,,
-4281,3225545136,-1,1,38.93050736,,,
4281,201596571,-1,1,5.456811572,,,
-4282,3227052224,1,0,0.08917381799,,,
4282,3227052224,1,0,0.1939589908,,,
-4283,201784979,1,0,0.4012353323,,,
4283,3228559664,1,0,3.927211018,,,
-4285,3231575600,-1,1,8.771842756,,,
4285,201973475,-1,1,11.67889006,,,
-4286,3233084096,-1,1,14.29770379,,,
4286,3233084096,-1,1,11.67650082,,,
-4287,202162059,-1,1,3.045707512,,,
4287,3234592944,-1,1,9.474514554,,,
-4289,3237611696,-1,1,16.17877304,,,
4289,202350731,-1,1,10.05991255,,,
-4290,294465600,1,0,0.1781812669,,,
4290,294465600,-1,1,21.70543575,,,
-4291,202539491,1,0,0.7126420139,,,
4291,3240631856,1,0,3.100087647,,,
-4294,3245164736,1,0,0.08904912837,,,
4294,3245164736,1,0,4.842194563,,,
-4295,202917275,1,0,0.04451938058,,,
4295,3246676400,1,0,0.4357467746,,,
-4297,3249700784,-1,1,5.444782186,,,
4297,203106299,-1,1,1.054473638,,,
-4298,3251213504,-1,1,6.946237393,,,
4298,3251213504,-1,1,13.3153038,,,
-4299,203295411,1,0,0.7119786281,,,
4299,3252726576,1,0,3.09720183,,,
-4301,295977616,1,0,0.1779532677,,,
4301,18498601,-1,1,21.90646303,,,
-4303,203673899,-1,1,2.9661077,,,
4303,3258782384,-1,1,7.565011375,,,
-4305,3261812400,1,0,0.8004175906,,,
4305,203863275,1,0,0.3868803436,,,
-4306,3263327936,1,0,1.422799365,,,
4306,3263327936,1,0,0.7736708352,,,
-4307,204052739,-1,1,16.90961541,,,
4307,3264843824,-1,1,10.36801133,,,
-4309,3267876656,-1,1,14.27574854,,,
4309,204242291,-1,1,9.077852456,,,
-4310,3269393600,1,0,0.08888368628,,,
4310,3269393600,1,0,0.193327935,,,
-4313,3273946544,1,0,0.08885276842,,,
4313,204621659,1,0,0.3865213732,,,
-4314,3275464896,-1,1,18.67336333,,,
4314,3275464896,-1,1,10.3408206,,,
-4315,204811475,1,0,2.842629582,,,
4315,3276983600,1,0,0.1932158933,,,
-4317,3280022064,1,0,2.220289869,,,
4317,205001379,1,0,1.545369049,,,
-4318,3281541824,-1,1,5.186003467,,,
4318,3281541824,-1,1,6.526429782,,,
-4319,205191371,-1,1,3.68199651,,,
4319,3283061936,-1,1,42.59968081,,,
-4321,3286103216,1,0,0.3550819131,,,
4321,205381451,1,2,10.42683532,,,
-4322,3287624384,-1,1,4.29262999,,,
4322,3287624384,-1,1,21.53278935,,,
-4323,18688329,1,0,0.3549997657,,,
4323,299013264,-1,1,6.209766417,,,
-4326,3293712576,1,0,3.193889864,,,
4326,3293712576,1,0,3.08752137,,,
-4327,205952219,1,0,0.3991900972,,,
4327,3295235504,1,0,0.0482369465,,,
-4330,3299806400,-1,1,37.37095212,,,
4330,3299806400,-1,1,4.512123966,,,
-4331,206333171,-1,1,10.02569656,,,
4331,3301330736,-1,1,16.55097015,,,
-4333,3304380464,-1,1,12.97210744,,,
4333,206523779,-1,1,9.556482106,,,
-4334,300536896,1,0,0.7090979444,,,
4334,300536896,-1,1,11.2679314,,,
-4337,3310484144,1,0,0.08860658157,,,
4337,206905259,1,0,0.3854504276,,,
-4339,207096131,1,0,3.587739409,,,
4339,3313538096,1,0,0.4335317813,,,
-4341,3316593456,-1,1,18.53963482,,,
4341,207287091,-1,1,29.05973416,,,
-4342,3318121664,-1,1,12.52552555,,,
4342,3318121664,-1,1,2.912044771,,,
-4343,207478139,1,0,0.1770907079,,,
4343,3319650224,1,0,1.733328356,,,
-4345,302064400,1,0,0.1770499458,,,
4345,18879025,-1,1,6.115020751,,,
-4346,3324238016,1,2,104.3222218,,,
4346,3324238016,1,0,3.080408895,,,
-4349,3328828976,1,0,0.3539370122,,,
4349,208051811,1,0,1.539673129,,,
-4351,208243211,-1,1,11.7253199,,,
4351,3331891376,-1,1,10.94416195,,,
-4353,3334955184,-1,1,16.18806504,,,
4353,208434699,-1,1,2.854063408,,,
-4354,3336487616,1,0,0.3537337286,,,
4354,3336487616,1,2,83.91276448,,,
-4355,208626275,-1,1,24.12311508,,,
4355,3338020400,-1,1,7.486319866,,,
-4357,3341087024,1,0,0.5525186351,,,
4357,208817939,1,0,2.403529629,,,
-4358,3342620864,-1,1,14.94124965,,,
4358,3342620864,-1,1,11.51612664,,,
-4359,209009691,1,0,1.104783734,,,
4359,3344155056,1,0,1.201489086,,,
-4362,3348759744,-1,1,12.51930865,,,
4362,3348759744,-1,1,1.737820968,,,
-4363,209393459,-1,1,26.96665877,,,
4363,3350295344,-1,1,5.024169506,,,
-4366,3354904256,-1,1,6.143952099,,,
4366,3354904256,-1,1,8.631823959,,,
-4367,19070689,1,0,0.3532068262,,,
4367,305131024,-1,1,5.735890218,,,
-4369,3359516336,-1,1,27.66301642,,,
4369,209969771,-1,1,3.850107946,,,
-4370,3361054400,1,0,0.08827139183,,,
4370,3361054400,1,0,0.1919961538,,,
-4371,210162051,1,0,4.413064693,,,
4371,3362592816,1,0,0.7678967601,,,
-4373,3365670704,-1,1,2.202099703,,,
4373,210354419,-1,1,29.67431209,,,
-4377,3371830704,-1,1,25.92540486,,,
4377,210739419,-1,1,3.601717392,,,
-4378,306670144,1,0,0.7055256399,,,
4378,306670144,-1,1,13.85164022,,,
-4379,210932051,1,0,0.1763612694,,,
4379,3374912816,1,0,1.726188758,,,
-4381,3377996336,1,0,4.319864716,,,
4381,211124771,1,0,3.451589393,,,
-4382,3379538624,1,0,0.08815044444,,,
4382,3379538624,1,0,1.725597767,,,
-4385,3384167600,-1,1,6.701366349,,,
4385,211510475,-1,1,5.356143348,,,
-4386,3385711296,-1,1,18.81866908,,,
4386,3385711296,-1,1,7.63919505,,,
-4387,211703459,1,0,1.585803532,,,
4387,3387255344,1,0,0.1916237919,,,
-4389,308213136,1,0,0.176160242,,,
4389,19263321,-1,1,24.49249599,,,
-4390,3391889600,1,0,1.409121416,,,
4390,3391889600,1,0,0.7662332226,,,
-4391,212089691,-1,1,7.217282594,,,
4391,3393435056,-1,1,24.64890327,,,
-4393,3396527024,1,0,3.719690492,,,
4393,212282939,1,0,0.8617179891,,,
-4395,212476275,-1,1,25.40132119,,,
4395,3399620400,-1,1,16.20134747,,,
-4397,3402715184,-1,1,17.21521494,,,
4397,212669699,-1,1,14.42782874,,,
-4398,3404263104,1,0,0.3519598077,,,
4398,3404263104,1,0,0.765536013,,,
-4399,212863211,-1,3,313.9564749,,,
4399,3405811376,-1,1,16.60948115,,,
-4402,3410458304,-1,1,11.57067138,,,
4402,3410458304,-1,1,4.34434662,,,
-4403,213250499,1,2,107.1037089,,,
4403,3412007984,1,2,161.9020335,,,
-4405,3415108400,1,0,0.197820026,,,
4405,213444275,1,0,0.09561593916,,,
-4406,3416659136,-1,1,9.493059876,,,
4406,3416659136,-1,1,39.45239762,,,
-4407,213638139,-1,1,6.750869052,,,
4407,3418210224,-1,1,3.788964722,,,
-4409,3421313456,1,0,0.7909210841,,,
4409,213832091,1,0,0.382290225,,,
-4411,19456921,1,0,12.65186812,,,
4411,311310736,-1,1,11.59177915,,,
-4413,3427524144,-1,1,6.985185447,,,
4413,214220259,-1,1,25.01842398,,,
-4414,3429077696,1,0,0.7904729955,,,
4414,3429077696,1,0,1.71933139,,,
-4415,214414475,1,0,0.1756407709,,,
4415,3430631600,1,0,3.056242958,,,
-4417,3433740464,-1,1,28.17219274,,,
4417,214608779,-1,1,1.316498512,,,
-4421,3439962416,-1,1,10.13183555,,,
4421,214997651,-1,1,35.80687775,,,
-4422,312865344,1,0,0.1755016967,,,
4422,312865344,-1,1,9.165065543,,,
-4423,215192219,1,0,0.04387046398,,,
4423,3443075504,1,0,1.192764747,,,
-4426,3447747776,1,0,1.403378991,,,
4426,3447747776,1,0,0.7631106835,,,
-4427,215581619,1,0,0.17540256,,,
4427,3449305904,1,0,0.1907561226,,,
-4429,3452423216,-1,1,22.35541373,,,
4429,215776451,-1,1,22.28807892,,,
-4430,3453982400,-1,1,11.42153302,,,
4430,3453982400,-1,1,22.23722611,,,
-4431,215971371,1,0,1.577910343,,,
4431,3455541936,1,0,0.1906700024,,,
-4433,314423824,1,0,0.7011352697,,,
4433,19651489,-1,1,3.80913932,,,
-4434,3460222656,1,0,0.3505281008,,,
4434,3460222656,1,0,12.19875128,,,
-4435,216361475,-1,1,20.58251054,,,
4435,3461783600,-1,1,2.543765761,,,
-4438,3466468544,1,0,0.08759252463,,,
4438,3466468544,1,0,0.1905195724,,,
-4439,216751931,-1,1,4.820026913,,,
4439,3468030896,-1,1,13.97730564,,,
-4441,3471156656,-1,1,13.39289456,,,
4441,216947291,-1,1,5.444121296,,,
-4442,3472720064,1,0,0.3502123097,,,
4442,3472720064,1,0,0.7617350885,,,
-4443,217142739,-1,1,21.31590462,,,
4443,3474283824,-1,1,23.39930811,,,
-4445,3477412400,1,0,0.08752352697,,,
4445,217338275,1,0,3.426650963,,,
-4447,217533899,1,0,0.04375192164,,,
4447,3480542384,1,0,0.4282350403,,,
-4449,3483673776,1,0,0.02187104322,,,
4449,217729611,1,0,2.378548751,,,
-4451,217925411,-1,1,2.445129431,,,
4451,3486806576,-1,1,20.97763049,,,
-4453,3489940784,1,0,0.08744487179,,,
4453,218121299,1,0,0.3803968354,,,
-4454,3491508416,-1,1,13.05101268,,,
4454,3491508416,-1,1,15.97016467,,,
-4457,3496213424,-1,1,13.01494858,,,
4457,218513339,-1,1,2.937042249,,,
-4458,3497782464,1,0,0.3495832794,,,
4458,3497782464,1,0,0.7603669059,,,
-4461,3502491696,-1,1,2.62654917,,,
4461,218905731,-1,1,15.40712103,,,
-4462,3504062144,-1,1,17.3562453,,,
4462,3504062144,-1,1,6.817736988,,,
-4463,219102059,-1,1,3.955720511,,,
4463,3505632944,-1,1,2.2856526,,,
-4465,3508775600,-1,1,15.45014452,,,
4465,219298475,-1,1,1.558617538,,,
-4466,319122496,1,0,0.6985400654,,,
4466,319122496,-1,1,25.78064305,,,
-4467,219494979,1,0,5.282117908,,,
4467,3511919664,1,0,0.4272753012,,,
-4469,3515065136,1,0,0.7855937597,,,
4469,219691571,1,0,0.3797152727,,,
-4470,3516638400,1,0,4.276643129,,,
4470,3516638400,1,0,0.1898363983,,,
-4471,219888251,1,0,0.1745373403,,,
4471,3518212016,1,0,1.708336506,,,
-4474,3522934976,-1,1,2.590188991,,,
4474,3522934976,-1,1,8.372827603,,,
-4478,3529237184,1,0,0.7848039094,,,
4478,3529237184,1,0,1.70700075,,,
-4479,220675851,-1,1,1.087979641,,,
4479,3530813616,-1,1,8.03974395,,,
-4481,3533967536,1,0,1.394739831,,,
4481,220872971,1,2,50.55467984,,,
-4483,221070179,-1,1,3.769473919,,,
4483,3537122864,-1,1,11.92316525,,,
-4485,3540279600,-1,1,12.25788201,,,
4485,221267475,-1,1,22.78812667,,,
-4486,3541858496,1,2,161.8444724,,,
4486,3541858496,1,0,0.757990223,,,
-4487,221464859,-1,1,3.416075841,,,
4487,3543437744,-1,1,3.296487862,,,
-4490,3548177600,-1,1,3.002185957,,,
4490,3548177600,-1,1,13.02999553,,,
-4493,3552920624,1,0,0.02176368805,,,
4493,222057539,1,0,0.8520744671,,,
-4494,3554502336,-1,1,21.00287907,,,
4494,3554502336,-1,1,17.5642285,,,
-4495,222255275,-1,1,12.46762943,,,
4495,3556084400,-1,1,12.6943282,,,
-4497,3559249584,1,0,0.1957860602,,,
4497,222453099,1,0,0.8516954304,,,
-4498,3560832704,-1,1,25.28374511,,,
4498,3560832704,-1,1,4.065866377,,,
-4499,20241001,1,0,3.131880603,,,
4499,323856016,-1,1,32.26829802,,,
-4501,3565584176,-1,1,6.434705198,,,
4501,222849011,-1,1,22.04939094,,,
-4502,3567168704,1,0,1.391483081,,,
4502,3567168704,1,0,3.026568338,,,
-4503,223047099,1,0,0.1739160708,,,
4503,3568753584,1,0,0.1891395161,,,
-4505,3571924400,-1,1,4.141356059,,,
4505,223245275,-1,1,4.496261195,,,
-4506,3573510336,-1,1,4.507843339,,,
4506,3573510336,-1,1,2.189035394,,,
-4507,223443539,-1,1,21.16711581,,,
4507,3575096624,-1,1,11.04455598,,,
-4510,325441600,1,0,8.515271464,,,
4510,325441600,-1,1,8.722105835,,,
-4511,223840331,1,0,0.1737617873,,,
4511,3581445296,1,0,0.1889717277,,,
-4513,3584621744,1,0,0.1954386906,,,
4513,224038859,1,0,0.8501843262,,,
-4514,3586210496,1,0,0.3474080735,,,
4514,3586210496,1,0,0.7556356881,,,
-4515,224237475,1,0,0.1736847993,,,
4515,3587799600,1,0,1.699992006,,,
-4517,3590978864,-1,1,10.58675339,,,
4517,224436179,-1,1,24.33380909,,,
-4519,224634971,1,0,0.3906178057,,,
4519,3594159536,1,0,0.4248098661,,,
-4521,327031056,1,0,2.126226486,,,
4521,20439441,-1,1,6.643842358,,,
-4522,3598933184,1,0,1.388402531,,,
4522,3598933184,1,2,42.60480624,,,
-4523,225032819,-1,1,20.47522297,,,
4523,3600525104,-1,1,20.19845494,,,
-4526,3605302976,1,0,0.0867368045,,,
4526,3605302976,1,0,1.697924918,,,
-4529,3610084016,-1,1,13.45322377,,,
4529,225630251,-1,1,7.72265013,,,
-4530,3611678400,1,2,111.3570465,,,
4530,3611678400,1,0,0.7543000517,,,
-4531,225829571,-1,1,21.89991007,,,
4531,3613273136,-1,1,2.907286595,,,
-4533,3616463664,1,0,0.1950070675,,,
4533,226028979,1,0,4.618558746,,,
-4534,3618059456,-1,1,27.13368491,,,
4534,3618059456,-1,1,22.38107457,,,
-4535,226228475,1,2,16.86720118,,,
4535,3619655600,1,0,1.69623926,,,
-4537,3622848944,1,0,0.08663159358,,,
4537,226428059,1,0,0.3768589669,,,
-4538,3624446144,-1,1,18.86489143,,,
4538,3624446144,-1,1,9.102218586,,,
-4539,226627731,-1,1,28.69436841,,,
4539,3626043696,-1,1,9.907603377,,,
-4541,3629239856,1,0,0.3463737195,,,
4541,226827491,1,0,1.506771799,,,
-4542,3630838464,-1,1,4.235088947,,,
4542,3630838464,-1,1,12.89099072,,,
-4543,20638849,1,0,0.3462974677,,,
4543,330221584,-1,1,1.407584018,,,
-4546,3637236416,1,2,88.69325261,,,
4546,3637236416,1,0,0.7529714728,,,
-4547,227427299,1,0,0.6922902303,,,
4547,3638836784,1,0,1.693999507,,,
-4549,3642038576,-1,1,22.65807663,,,
4549,227627411,-1,1,15.20593981,,,
-4551,227827611,-1,1,9.484196546,,,
4551,3645241776,-1,1,13.72174956,,,
-4553,3648446384,-1,1,16.45027051,,,
4553,228027899,-1,1,2.15185814,,,
-4555,228228275,1,0,1.556284555,,,
4555,3651652400,1,2,71.07586284,,,
-4558,3656464064,1,2,97.21663461,,,
4558,3656464064,1,2,50.88315518,,,
-4559,228629291,1,0,0.6913785219,,,
4559,3658068656,1,0,1.691768602,,,
-4561,3661278896,-1,1,17.46771266,,,
4561,228829931,-1,1,4.373746907,,,
-4562,3662884544,-1,1,11.5534101,,,
4562,3662884544,-1,1,25.32401073,,,
-4565,333427600,1,0,0.1727310041,,,
4565,20839225,-1,1,13.65007772,,,
-4566,3669310656,1,0,0.08635604408,,,
4566,3669310656,1,0,0.1878301449,,,
-4567,229432379,-1,1,2.132738882,,,
4567,3670918064,-1,1,8.110323801,,,
-4569,3674133936,1,0,0.5395480549,,,
4569,229633371,1,0,0.09388423513,,,
-4570,3675742400,1,0,0.3452729729,,,
4570,3675742400,1,2,100.1573644,,,
-4571,229834451,-1,1,14.47809896,,,
4571,3677351216,-1,1,5.581498733,,,
-4573,3680569904,-1,1,13.3169773,,,
4573,230035619,-1,1,18.24293436,,,
-4574,3682179776,1,0,0.08628049197,,,
4574,3682179776,1,0,0.187665814,,,
-4577,3687011504,1,0,0.08625221101,,,
4577,230438219,1,2,64.65412259,,,
-4578,3688622784,-1,1,22.57909424,,,
4578,3688622784,-1,1,10.11217129,,,
-4579,230639651,1,0,17.2466745,,,
4579,3690234416,1,0,3.001013216,,,
-4582,3695071424,-1,1,11.6426369,,,
4582,3695071424,-1,3,357.5081284,,,
-4583,231042779,-1,1,2.21731878,,,
4583,3696684464,-1,1,8.017909199,,,
-4585,3699911600,1,0,1.378830894,,,
4585,231244475,1,0,1.499524494,,,
-4586,3701525696,-1,1,16.77477297,,,
4586,3701525696,-1,1,10.81981267,,,
-4587,21040569,1,0,0.3446325664,,,
4587,336649104,-1,1,7.817603016,,,
-4589,3706370096,-1,1,17.19396527,,,
4589,231648131,-1,1,30.54124937,,,
-4591,231850091,1,0,0.1722411999,,,
4591,3709601456,1,2,84.80551496,,,
-4593,3712834224,-1,1,10.4768158,,,
4593,232052139,-1,1,4.111785524,,,
-4594,3714451136,-1,1,8.299494919,,,
4594,3714451136,-1,1,4.228645755,,,
-4595,232254275,-1,1,7.372282053,,,
4595,3716068400,-1,1,13.12592618,,,
-4597,3719303984,-1,1,5.970786665,,,
4597,232456499,-1,1,16.72756694,,,
-4601,3725779376,1,0,0.7742426402,,,
4601,232861211,1,0,0.3742287304,,,
-4602,3727399104,1,0,0.7741585154,,,
4602,3727399104,1,0,0.1870940344,,,
-4603,233063699,1,0,5.203500254,,,
4603,3729019184,1,0,0.04676842756,,,
-4605,3732260400,-1,1,22.1470822,,,
4605,233266275,-1,1,26.63449271,,,
-4607,233468939,1,2,21.95026865,,,
4607,3735503024,1,0,0.7479699192,,,
-4609,339886096,1,0,0.6876181409,,,
4609,21242881,-1,1,4.120652193,,,
-4610,3740369600,1,0,0.343771779,,,
4610,3740369600,1,0,0.7477265054,,,
-4611,233874531,-1,1,39.42145661,,,
4611,3741992496,-1,1,26.98869963,,,
-4613,3745239344,1,2,44.63630497,,,
4613,234077459,1,0,1.494966658,,,
-4614,3746863296,1,0,2.147642089,,,
4614,3746863296,1,0,4.671264519,,,
-4615,234280475,-1,1,5.060280574,,,
4615,3748487600,-1,1,4.236590665,,,
-4618,3753362624,1,0,0.08586847077,,,
4618,3753362624,1,0,1.680926765,,,
-4619,234686771,-1,1,17.83614433,,,
4619,3754988336,-1,1,33.13996143,,,
-4621,3758240816,1,0,1.373449486,,,
4621,234890051,1,0,1.493672034,,,
-4622,3759867584,-1,1,7.349142009,,,
4622,3759867584,-1,1,10.18001828,,,
-4623,235093419,1,0,0.3861991023,,,
4623,3761494704,1,0,2.286690509,,,
-4627,235500419,-1,1,28.52698226,,,
4627,3768006704,-1,1,18.92177021,,,
-4629,3771264816,1,0,3.087589841,,,
4629,235704051,1,0,3.357856728,,,
-4630,3772894400,-1,1,7.747257609,,,
4630,3772894400,-1,1,11.89824241,,,
-4631,21446161,1,0,1.371965799,,,
4631,343138576,-1,1,19.79150221,,,
-4633,3777785264,-1,1,6.876793239,,,
4633,236111579,-1,1,2.994798032,,,
-4634,3779416256,1,0,0.7714809163,,,
4634,3779416256,1,0,1.678022353,,,
-4637,3784311344,-1,1,10.64297984,,,
4637,236519459,-1,1,32.82972567,,,
-4638,3785943744,-1,1,6.309489376,,,
4638,3785943744,-1,1,16.76547762,,,
-4639,236723531,-1,1,5.677501867,,,
4639,3787576496,-1,1,1.596016624,,,
-4641,3790843056,-1,1,19.58798145,,,
4641,236927691,-1,1,6.36194727,,,
-4642,344770624,1,0,0.6851696413,,,
4642,344770624,-1,1,5.508253055,,,
-4643,237131939,1,0,0.04281849075,,,
4643,3794111024,1,0,0.4190988059,,,
-4645,3797380400,1,0,0.7705668883,,,
4645,237336275,1,0,3.352068563,,,
-4646,3799015616,1,0,0.7704839558,,,
4646,3799015616,1,0,1.675853898,,,
-4647,237540699,1,0,0.04280005834,,,
4647,3800651184,1,0,2.280777918,,,
-4649,3803923376,-1,1,12.45084521,,,
4649,237745211,-1,1,0.486011894,,,
-4651,237949811,1,0,5.176579615,,,
4651,3807196976,1,0,3.768643919,,,
-4654,3812110016,1,0,0.08553571764,,,
4654,3812110016,1,0,0.1860458803,,,
-4657,3817026224,1,0,0.1923933656,,,
4657,238564139,1,0,0.09299297303,,,
-4658,3818665664,1,0,0.08549898338,,,
4658,3818665664,1,0,0.1859659808,,,
-4659,238769091,-1,1,24.95806559,,,
4659,3820305456,-1,1,12.50186388,,,
-4661,3823586096,-1,1,5.768634371,,,
4661,238974131,-1,1,39.04135042,,,
-4663,239179259,-1,1,11.99426165,,,
4663,3826868144,-1,1,6.735022919,,,
-4665,3830151600,1,0,0.7689133094,,,
4665,239384475,1,2,41.14067291,,,
-4666,3831793856,-1,1,17.58347066,,,
4666,3831793856,-1,1,9.033743847,,,
-4667,239589779,1,0,1.537497073,,,
4667,3833436464,1,0,0.1857865828,,,
-4669,3836722736,1,0,0.7685838692,,,
4669,239795171,1,0,0.371493574,,,
-4670,3838366400,-1,1,6.416550298,,,
4670,3838366400,-1,1,24.05652698,,,
-4673,3843299504,1,0,0.3414466009,,,
4673,240206219,1,2,20.9524814,,,
-4674,3844944576,-1,1,14.36737064,,,
4674,3844944576,-1,1,10.38488714,,,
-4677,3849881904,-1,1,19.16183883,,,
4677,240617619,-1,1,16.6083863,,,
-4678,3851528384,1,0,0.3412640775,,,
4678,3851528384,1,0,2.969088351,,,
-4679,240823451,1,0,0.3838810589,,,
4679,3853175216,1,0,0.04638704775,,,
-4681,3856469936,-1,1,17.86268345,,,
4681,241029371,-1,1,7.014215041,,,
-4682,3858117824,-1,1,6.543843961,,,
4682,3858117824,-1,1,16.88045627,,,
-4683,241235379,-1,1,28.20344158,,,
4683,3859766064,-1,1,18.30259328,,,
-4685,3863063600,-1,1,20.14683195,,,
4685,241441475,-1,1,17.32315754,,,
-4686,351337536,1,0,1.534376915,,,
4686,351337536,-1,1,19.65509202,,,
-4687,241647659,1,0,0.1704681358,,,
4687,3866362544,1,0,0.185389772,,,
-4690,3871313600,1,0,0.7668612286,,,
4690,3871313600,1,0,0.1853304694,,,
-4691,242060291,1,0,2.087344158,,,
4691,3872964656,1,0,0.4169491077,,,
-4694,3877919936,-1,1,25.41291026,,,
4694,3877919936,-1,1,9.963276975,,,
-4695,242473275,1,0,0.3832263902,,,
4695,3879572400,1,0,2.269089037,,,
-4697,352988944,1,0,1.532579168,,,
4697,22061809,-1,1,5.11710991,,,
-4699,242886611,-1,1,32.03381729,,,
4699,3886185776,-1,1,2.299853901,,,
-4701,3889494576,1,0,0.08510705591,,,
4701,243093411,1,2,178.2939045,,,
-4702,3891149504,1,0,0.765882048,,,
4702,3891149504,1,0,1.665844442,,,
-4703,243300299,-1,1,3.94960264,,,
4703,3892804784,-1,1,15.19144214,,,
-4705,3896116400,-1,1,17.76725543,,,
4705,243507275,-1,1,1.791463244,,,
-4706,3897772736,1,0,0.7655564871,,,
4706,3897772736,1,0,1.665136325,,,
-4709,3902743856,1,0,0.3401389283,,,
4709,243921491,1,0,23.67439403,,,
-4710,3904401600,-1,1,25.08083813,,,
4710,3904401600,-1,1,10.96679912,,,
-4711,244128731,1,0,0.1700333598,,,
4711,3906059696,1,0,0.1849169387,,,
-4713,3909376944,1,0,0.3399945569,,,
4713,244336059,1,0,0.369755398,,,
-4714,3911036096,-1,1,3.072952131,,,
4714,3911036096,-1,1,8.908261456,,,
-4715,244543475,-1,1,38.01054225,,,
4715,3912695600,-1,1,21.6533309,,,
-4717,3916015664,1,0,0.08496259231,,,
4717,244750979,1,0,0.3695985891,,,
-4718,3917676224,-1,1,12.64299254,,,
4718,3917676224,-1,1,19.32440864,,,
-4721,3922660016,-1,1,2.733084604,,,
4721,245166251,-1,1,9.896087375,,,
-4722,3924321984,1,2,140.7955406,,,
4722,3924321984,1,0,2.955222866,,,
-4723,245374019,1,0,2.71707545,,,
4723,3925984304,1,0,0.1846818747,,,
-4726,3930973376,-1,1,19.43067834,,,
4726,3930973376,-1,1,5.472377114,,,
-4727,245789819,-1,1,3.810061909,,,
4727,3932637104,-1,1,1.147325638,,,
-4729,3935965616,-1,1,32.66995888,,,
4729,245997851,-1,1,1.728871731,,,
-4730,357966400,1,2,37.17148865,,,
4730,357966400,-1,1,14.59507707,,,
-4731,246205971,1,0,4.241839415,,,
4731,3939295536,1,0,1.660730962,,,
-4733,3942626864,1,0,0.02120471547,,,
4733,246414179,1,0,0.09224333565,,,
-4735,246622475,1,0,0.04240047341,,,
4735,3945959600,1,0,0.04611192621,,,
-4737,3949293744,-1,1,7.694378338,,,
4737,246830859,-1,1,6.982229122,,,
-4738,3950961344,-1,1,8.205049647,,,
4738,3950961344,-1,1,5.459416534,,,
-4739,247039331,1,0,6.103090852,,,
4739,3952629296,1,0,0.7374793838,,,
-4741,359633296,1,0,4.237363483,,,
4741,22477081,-1,1,7.440336323,,,
-4742,3957635264,1,0,0.7626450004,,,
4742,3957635264,1,0,1.658803648,,,
-4745,3962644400,1,2,72.6329825,,,
4745,247665275,1,2,63.31281571,,,
-4746,3964314816,1,0,0.08470261648,,,
4746,3964314816,1,0,0.1842338298,,,
-4747,247874099,-1,1,9.558855306,,,
4747,3965985584,-1,1,6.255618481,,,
-4749,3969328176,-1,1,17.80092323,,,
4749,248083011,-1,1,56.05759431,,,
-4751,248292011,-1,1,2.652522962,,,
4751,3972672176,-1,1,12.28473419,,,
-4754,3977690816,-1,1,17.28677099,,,
4754,3977690816,-1,1,4.969140814,,,
-4755,248710275,1,0,0.04231120915,,,
4755,3979364400,1,0,0.4141336353,,,
-4757,3982712624,1,0,0.02115115685,,,
4757,248919539,1,0,2.300258713,,,
-4758,3984387264,-1,1,14.39781902,,,
4758,3984387264,-1,1,4.348927593,,,
-4759,249128891,-1,1,4.523719679,,,
4759,3986062256,-1,1,13.85825207,,,
-4762,3991089344,-1,1,27.41619898,,,
4762,3991089344,-1,1,11.29408194,,,
-4763,22686169,1,0,2.113783049,,,
4763,362978704,-1,1,13.57345611,,,
-4765,3996119600,-1,1,8.232130639,,,
4765,249757475,-1,1,13.02052594,,,
-4766,3997797056,1,2,81.02086481,,,
4766,3997797056,1,2,110.7549273,,,
-4767,249967179,1,0,1.521285136,,,
4767,3999474864,1,0,1.654448225,,,
-4769,4002831536,-1,1,10.69643261,,,
4769,250176971,-1,1,4.073019831,,,
-4771,250386851,-1,1,46.46655191,,,
4771,4006189616,-1,1,7.28287497,,,
-4773,4009549104,-1,1,12.31892491,,,
4773,250596819,-1,1,11.88442527,,,
-4774,364657216,1,0,4.222692821,,,
4774,364657216,-1,1,8.450421319,,,
-4777,4016272304,1,0,0.7598460002,,,
4777,251017019,1,0,0.3672701414,,,
-4778,4017953984,1,0,0.759766481,,,
4778,4017953984,1,0,1.652542677,,,
-4781,4023001136,-1,1,4.355478798,,,
4781,251437571,-1,1,37.81224964,,,
-4782,4024684224,-1,1,21.61017395,,,
4782,4024684224,-1,1,7.962659654,,,
-4783,251647979,1,0,0.04218718105,,,
4783,4026367664,1,0,3.716277058,,,
-4785,366339600,1,0,2.699415269,,,
4785,22896225,-1,1,3.88845364,,,
-4786,4031420096,1,2,122.1076734,,,
4786,4031420096,1,2,73.41921657,,,
-4787,252069059,-1,1,9.826677628,,,
4787,4033104944,-1,1,2.795797963,,,
-4789,4036475696,1,2,163.7708674,,,
4789,252279731,1,2,116.0146249,,,
-4790,4038161600,1,0,0.7588141934,,,
4790,4038161600,1,0,0.1833857097,,,
-4791,252490491,-1,1,4.848329286,,,
4791,4039847856,-1,1,13.11030971,,,
-4793,4043221424,-1,1,1.509213072,,,
4793,252701339,-1,1,6.551432438,,,
-4794,4044908736,1,0,3.033990236,,,
4794,4044908736,1,2,230.3098469,,,
-4795,252912275,-1,1,12.11207769,,,
4795,4046596400,-1,1,11.80204472,,,
-4798,4051661504,-1,1,9.218242281,,,
4798,4051661504,-1,1,9.875459368,,,
-4799,253334411,1,0,0.04211679572,,,
4799,4053350576,1,0,2.244367447,,,
-4801,4056729776,1,0,1.031646546,,,
4801,253545611,1,0,0.8242897661,,,
-4803,253756899,-1,1,18.90787243,,,
4803,4060110384,-1,1,10.31062446,,,
-4807,23107249,1,2,26.13524383,,,
4807,369715984,-1,1,10.49187732,,,
-4809,4070260656,-1,1,19.61508265,,,
4809,254391291,-1,1,7.902142745,,,
-4810,4071953600,1,0,0.7572349738,,,
4810,4071953600,1,0,0.1830040533,,,
-4811,254602931,1,0,1.514312543,,,
4811,4073646896,1,0,4.574625825,,,
-4813,4077034544,-1,1,7.50392606,,,
4813,254814659,-1,1,1.819136417,,,
-4814,4078728896,-1,1,12.60681711,,,
4814,4078728896,-1,1,38.37362618,,,
-4817,4083814064,-1,1,15.04440113,,,
4817,255238379,-1,1,1.00593082,,,
-4818,371409984,1,0,0.1681346758,,,
4818,371409984,-1,1,9.75769452,,,
-4819,255450371,1,0,1.513055069,,,
4819,4087205936,1,0,0.1828330836,,,
-4821,4090599216,1,0,0.1890926487,,,
4821,255662451,1,0,2.284939442,,,
-4822,4092296384,1,0,0.3361298496,,,
4822,4092296384,1,0,2.924419202,,,
-4823,255874619,1,0,0.6721900026,,,
4823,4093993904,1,0,0.7310290029,,,
-4826,4099088576,-1,1,6.099619643,,,
4826,4099088576,-1,1,31.88783598,,,
-4827,256299219,1,0,1.511800723,,,
4827,4100787504,1,0,1.644133609,,,
-4829,373107856,1,0,0.671772277,,,
4829,23319241,-1,1,9.77160474,,,
-4830,4105886400,1,0,0.7556655732,,,
4830,4105886400,1,0,0.1826247699,,,
-4831,256724171,-1,1,12.16222175,,,
4831,4107586736,-1,1,8.331498567,,,
-4834,4112689856,1,0,3.02141145,,,
4834,4112689856,1,2,69.26177918,,,
-4835,257149475,-1,1,29.43141903,,,
4835,4114391600,-1,1,19.58826075,,,
-4837,4117796144,-1,1,19.0076979,,,
4837,257362259,-1,1,11.94222861,,,
-4838,4119498944,1,0,2.097334832,,,
4838,4119498944,1,0,1.642263439,,,
-4839,257575131,-1,1,10.41692081,,,
4839,4121202096,-1,1,4.258367593,,,
-4841,4124609456,1,0,1.341878314,,,
4841,257788091,1,2,44.12836701,,,
-4843,258001139,1,0,0.6708006046,,,
4843,4128018224,1,2,92.76011164,,,
-4845,4131428400,1,0,0.7544949055,,,
4845,258214275,1,0,9.117092494,,,
-4846,4133134016,-1,1,24.19242054,,,
4846,4133134016,-1,1,9.528567729,,,
-4847,258427499,-1,1,1.349100219,,,
4847,4134839984,-1,1,4.299154386,,,
-4849,4138252976,1,0,0.3351927312,,,
4849,258640811,1,2,37.91690421,,,
-4853,4145083184,-1,1,11.29898957,,,
4853,259067699,-1,1,28.79805706,,,
-4854,4146791616,1,0,0.753795111,,,
4854,4146791616,1,0,0.1821727277,,,
-4855,259281275,1,0,1.046829828,,,
4855,4148500400,1,0,2.231386076,,,
-4857,4151919024,-1,1,13.40466668,,,
4857,259494939,-1,1,5.561742411,,,
-4858,4153628864,-1,1,13.79033813,,,
4858,4153628864,-1,1,5.358362121,,,
-4859,259708691,-1,1,31.14541719,,,
4859,4155339056,-1,1,9.953410302,,,
-4861,4158760496,-1,1,11.31446519,,,
4861,259922531,-1,1,25.72163418,,,
-4862,378224704,1,2,68.37901017,,,
4862,378224704,-1,1,12.15809379,,,
-4863,260136459,1,0,0.6694197868,,,
4863,4162183344,1,0,0.728016301,,,
-4865,4165607600,1,0,1.338564347,,,
4865,260350475,1,2,60.5523722,,,
-4866,4167320256,1,0,3.011460294,,,
4866,4167320256,1,0,0.7277918471,,,
-4867,260564579,1,0,3.387544766,,,
4867,4169033264,1,0,1.13705793,,,
-4870,4174174400,-1,1,10.17308991,,,
4870,4174174400,-1,1,1.398645551,,,
-4871,260993051,1,0,0.1672174606,,,
4871,4175888816,1,0,2.909672872,,,
-4873,379938064,1,0,1.044894637,,,
4873,23746129,-1,1,1.978887255,,,
-4874,4181034176,1,0,3.00898783,,,
4874,4181034176,1,0,0.7271943167,,,
-4877,4186182704,1,0,0.1880038891,,,
4877,261636419,1,0,7.360577547,,,
-4879,261851051,-1,1,12.91058895,,,
4879,4189616816,-1,1,15.11583646,,,
-4881,4193052336,-1,1,13.48682993,,,
4881,262065771,-1,1,0.9046309102,,,
-4882,4194770624,1,0,0.08351448462,,,
4882,4194770624,1,0,0.1816495639,,,
-4883,262280579,-1,1,8.939385136,,,
4883,4196489264,-1,1,4.243094304,,,
-4885,4199927600,1,0,3.527403343,,,
4885,262495475,1,0,10.98642354,,,
-4886,4201647296,-1,1,10.19024476,,,
4886,4201647296,-1,1,8.783850011,,,
-4889,4206808496,1,0,1.689957185,,,
4889,262925531,1,0,2.268993447,,,
-4890,4208529600,-1,1,26.19247196,,,
4890,4208529600,-1,1,13.17162087,,,
-4891,263140691,-1,1,41.2971053,,,
4891,4210251056,-1,1,18.31468161,,,
-4893,4213695024,1,0,2.085513924,,,
4893,263355939,1,0,0.36289053,,,
-4894,4215417536,-1,1,20.77914253,,,
4894,4215417536,-1,1,11.29929602,,,
-4895,23961025,1,0,0.08340351321,,,
4895,383376400,-1,1,10.24917443,,,
-4897,4220587184,-1,1,23.50171183,,,
4897,263786699,-1,1,0.7503666673,,,
-4898,4222311104,1,0,0.3335118688,,,
4898,4222311104,1,0,2.901642071,,,
-4899,264002211,1,0,2.042551698,,,
4899,4224035376,1,0,0.4080017685,,,
-4902,4229210304,-1,1,12.8672624,,,
4902,4229210304,-1,1,16.23254825,,,
-4903,264433499,-1,1,4.10952402,,,
4903,4230935984,-1,1,7.029012663,,,
-4906,385101376,1,0,1.499579263,,,
4906,385101376,-1,1,13.3527208,,,
-4907,264865139,1,0,1.499426455,,,
4907,4237842224,1,0,0.1811862423,,,
-4909,4241297456,1,0,4.684753061,,,
4909,265081091,1,0,0.09057466479,,,
-4910,4243025600,1,0,0.3331040693,,,
4910,4243025600,1,0,0.7245235267,,,
-4911,265297131,1,0,1.04084423,,,
4911,4244754096,1,0,0.4075029886,,,
-4915,265729475,1,0,1.040420606,,,
4915,4251671600,1,0,1.131492041,,,
-4917,386830224,1,0,0.166433438,,,
4917,24176889,-1,1,27.29220346,,,
-4918,4256863424,1,0,0.7488743233,,,
4918,4256863424,1,0,0.1809835009,,,
-4919,266162171,-1,1,1.960723781,,,
4919,4258594736,-1,1,10.91890745,,,
-4921,4262058416,1,0,4.075961662,,,
4921,266378651,1,0,0.3618566517,,,
-4922,4263790784,1,0,0.08317444052,,,
4922,4263790784,1,0,0.1809099454,,,
-4926,4270723776,1,2,136.2378475,,,
4926,4270723776,1,0,6.510113258,,,
-4927,267028619,-1,1,8.999006029,,,
4927,4272457904,-1,1,11.5659795,,,
-4929,4275927216,1,0,0.08311535876,,,
4929,267245451,1,0,0.3615628772,,,
-4930,4277662400,-1,1,17.06130858,,,
4930,4277662400,-1,1,7.676178306,,,
-4931,267462371,1,2,136.6003537,,,
4931,4279397936,1,0,8.856493861,,,
-4933,4282870064,1,0,0.08308165424,,,
4933,267679379,1,0,0.361416258,,,
-4934,4284606656,-1,1,5.699368862,,,
4934,4284606656,-1,1,18.57115782,,,
-4935,267896475,-1,1,4.32363752,,,
4935,4286343600,-1,1,13.50961002,,,
-4937,4289818544,1,0,1.328767851,,,
4937,268113659,1,0,1.445079268,,,
-4938,4291556544,-1,1,2.324265366,,,
4938,4291556544,-1,1,11.20691863,,,
-4939,24393721,1,0,0.08303117424,,,
4939,390299536,-1,1,11.85460766,,,
-4942,4298512064,1,0,0.08300596872,,,
4942,4298512064,1,0,0.180543508,,,
-4943,268765739,1,2,22.61963651,,,
4943,4300251824,1,0,0.1805252445,,,
-4945,4303732400,-1,1,4.189198873,,,
4945,268983275,-1,1,4.404871121,,,
-4946,4305473216,-1,1,19.8018834,,,
4946,4305473216,-1,1,8.946572701,,,
-4947,269200899,-1,1,7.160500337,,,
4947,4307214384,-1,1,15.48522955,,,
-4951,269636411,1,0,0.1658609794,,,
4951,4314182576,1,0,0.7215173441,,,
-4953,4317668784,1,0,0.331654978,,,
4953,269854299,1,2,29.92066855,,,
-4954,4319412416,1,0,2.072634393,,,
4954,4319412416,1,0,1.622922403,,,
-4955,270072275,1,0,0.6631760757,,,
4955,4321156400,1,0,1.622758629,,,
-4957,4324645424,-1,1,8.576125895,,,
4957,270290339,-1,1,15.15629752,,,
-4958,4326390464,-1,1,9.066840057,,,
4958,4326390464,-1,1,6.144163496,,,
-4962,4333374144,1,0,0.7455466488,,,
4962,4333374144,1,0,0.1801792883,,,
-4963,270945059,-1,1,29.12367792,,,
4963,4335120944,-1,1,7.584806371,,,
-4965,4338615600,1,0,2.505107952,,,
4965,271163475,1,0,0.8105618037,,,
-4966,4340363456,1,0,0.08280514754,,,
4966,4340363456,1,0,1.620960377,,,
-4967,271381979,-1,1,5.886870594,,,
4967,4342111664,-1,1,20.57169452,,,
-4969,4345609136,-1,1,3.00010665,,,
4969,271600571,-1,1,7.109975849,,,
-4970,4347358400,1,0,0.08277181884,,,
4970,4347358400,1,0,0.1800342164,,,
-4971,271819251,-1,1,8.806368155,,,
4971,4349108016,-1,1,7.835398032,,,
-4973,4352608304,1,0,0.1861804096,,,
4973,272038019,1,0,0.8099095712,,,
-4974,4354358976,-1,1,19.22564631,,,
4974,4354358976,-1,1,13.73474002,,,
-4978,4361365184,-1,1,17.7047741,,,
4978,4361365184,-1,1,6.006483191,,,
-4979,272694851,-1,1,14.15022416,,,
4979,4363117616,-1,1,14.97735248,,,
-4981,4366623536,1,0,0.3307214881,,,
4981,272913971,1,2,56.15369069,,,
-4982,4368377024,-1,1,9.704138592,,,
4982,4368377024,-1,1,8.913118806,,,
-4983,24830289,1,0,0.3306551115,,,
4983,397284624,-1,1,19.81206862,,,
-4985,4373639600,-1,1,13.95622649,,,
4985,273352475,-1,1,5.458547403,,,
-4987,273571859,1,0,2.644179824,,,
4987,4377149744,1,0,0.1797270985,,,
-4989,4380661296,-1,1,16.72112899,,,
4989,273791331,-1,1,47.11508299,,,
-4990,4382417600,-1,1,15.0425575,,,
4990,4382417600,-1,1,8.296332619,,,
-4991,274010891,-1,1,3.490692841,,,
4991,4384174256,-1,1,21.55523422,,,
-4993,4387688624,-1,1,29.79825031,,,
4993,274230539,-1,1,1.198141369,,,
-4994,399040576,1,0,1.486308389,,,
4994,399040576,-1,1,8.586792808,,,
-4997,4394721584,1,2,49.62357415,,,
4997,274670099,1,0,1.436377387,,,
-4999,274890011,1,0,0.6602510667,,,
4999,4398240176,1,0,0.1795112532,,,
